carta,canal,H1,H2,H3,H4,H5,base,nota
Rom,estilometria,compatible,compatible,compatible,no compatible,no compatible,"veredicto § 8.5: nivel 1 «apoyo moderado a H_mismo-autor», nivel 2 «dentro», nivel 3 «pasa», nivel 4 8/8","dentro del rango, LR a favor, núcleo el más próximo: compatible con H1-H3; no con H5; H4 improbable"
Rom,recepcion,compatible,compatible,compatible,compatible,no compatible,"recepcion_medidas.csv: H1, H2, H3, H4 compatibles (el canal no las separa: el núcleo muestra el mismo patrón); H5 no compatible","mismo rasero (D-027): dentro del rango del núcleo + 50 años, atribución estable; el canal no separa H1-H4"
Rom,onomastica,compatible,compatible,compatible,no compatible,no compatible,"onomastica_lectura.csv: n_nombres=50, p_nuevos=0.56, p_famosos=0.3, p_nuevos_documentados=1.0",H1-H3 compatible; H4 no compatible; H5 no compatible
Rom,institucional,compatible,compatible,compatible,compatible,no decide,"institucional_lectura.csv: fecha_compatible=s1 (asociaciones); n_cargos=1, n_rasgos=0",H1-H3 compatible; H4 compatible; H5 no decide
1Cor,estilometria,compatible,compatible,compatible,no compatible,no compatible,"veredicto § 8.5: nivel 1 «apoyo moderado a H_mismo-autor», nivel 2 «dentro», nivel 3 «pasa», nivel 4 8/8","dentro del rango, LR a favor, núcleo el más próximo: compatible con H1-H3; no con H5; H4 improbable"
1Cor,recepcion,compatible,compatible,compatible,compatible,no compatible,"recepcion_medidas.csv: H1, H2, H3, H4 compatibles (el canal no las separa: el núcleo muestra el mismo patrón); H5 no compatible","mismo rasero (D-027): dentro del rango del núcleo + 50 años, atribución estable; el canal no separa H1-H4"
1Cor,onomastica,compatible,compatible,compatible,no decide,no compatible,"onomastica_lectura.csv: n_nombres=15, p_nuevos=0.267, p_famosos=0.133, p_nuevos_documentados=1.0",H1-H3 compatible; H4 no decide; H5 no compatible
1Cor,institucional,no decide,no decide,no decide,no decide,no decide,"institucional_lectura.csv: fecha_compatible=— (—); n_cargos=0, n_rasgos=0",H1-H3 no decide; H4 no decide; H5 no decide
2Cor,estilometria,compatible,compatible,compatible,no compatible,no compatible,"veredicto § 8.5: nivel 1 «apoyo moderado a H_mismo-autor», nivel 2 «dentro», nivel 3 «pasa», nivel 4 8/8","dentro del rango, LR a favor, núcleo el más próximo: compatible con H1-H3; no con H5; H4 improbable"
2Cor,recepcion,compatible,compatible,compatible,compatible,no compatible,"recepcion_medidas.csv: H1, H2, H3, H4 compatibles (el canal no las separa: el núcleo muestra el mismo patrón); H5 no compatible","mismo rasero (D-027): dentro del rango del núcleo + 50 años, atribución estable; el canal no separa H1-H4"
2Cor,onomastica,compatible,compatible,compatible,no decide,no decide,"onomastica_lectura.csv: n_nombres=6, p_nuevos=0.0, p_famosos=0.667, p_nuevos_documentados=",H1-H3 compatible; H4 no decide; H5 no decide
2Cor,institucional,no decide,no decide,no decide,no decide,no decide,"institucional_lectura.csv: fecha_compatible=— (—); n_cargos=0, n_rasgos=0",H1-H3 no decide; H4 no decide; H5 no decide
Gal,estilometria,compatible,compatible,compatible,no compatible,no compatible,"veredicto § 8.5: nivel 1 «apoyo moderado a H_mismo-autor», nivel 2 «dentro», nivel 3 «pasa», nivel 4 8/8","dentro del rango, LR a favor, núcleo el más próximo: compatible con H1-H3; no con H5; H4 improbable"
Gal,recepcion,compatible,compatible,compatible,compatible,no compatible,"recepcion_medidas.csv: H1, H2, H3, H4 compatibles (el canal no las separa: el núcleo muestra el mismo patrón); H5 no compatible","mismo rasero (D-027): dentro del rango del núcleo + 50 años, atribución estable; el canal no separa H1-H4"
Gal,onomastica,compatible,compatible,compatible,no decide,no decide,"onomastica_lectura.csv: n_nombres=9, p_nuevos=0.0, p_famosos=0.333, p_nuevos_documentados=",H1-H3 compatible; H4 no decide; H5 no decide
Gal,institucional,no decide,no decide,no decide,no decide,no decide,"institucional_lectura.csv: fecha_compatible=— (—); n_cargos=0, n_rasgos=0",H1-H3 no decide; H4 no decide; H5 no decide
Flp,estilometria,compatible,compatible,compatible,no compatible,no compatible,"veredicto § 8.5: nivel 1 «apoyo moderado a H_mismo-autor», nivel 2 «dentro», nivel 3 «pasa», nivel 4 8/8","dentro del rango, LR a favor, núcleo el más próximo: compatible con H1-H3; no con H5; H4 improbable"
Flp,recepcion,compatible,compatible,compatible,compatible,no compatible,"recepcion_medidas.csv: H1, H2, H3, H4 compatibles (el canal no las separa: el núcleo muestra el mismo patrón); H5 no compatible","mismo rasero (D-027): dentro del rango del núcleo + 50 años, atribución estable; el canal no separa H1-H4"
Flp,onomastica,compatible,compatible,compatible,no compatible,no compatible,"onomastica_lectura.csv: n_nombres=5, p_nuevos=0.8, p_famosos=0.2, p_nuevos_documentados=1.0",H1-H3 compatible; H4 no compatible; H5 no compatible
Flp,institucional,compatible,compatible,compatible,compatible,no decide,"institucional_lectura.csv: fecha_compatible=s1 (asociaciones); n_cargos=2, n_rasgos=1",H1-H3 compatible; H4 compatible; H5 no decide
1Tes,estilometria,compatible,compatible,compatible,no compatible,no compatible,"veredicto § 8.5: nivel 1 «apoyo moderado a H_mismo-autor», nivel 2 «dentro», nivel 3 «pasa», nivel 4 8/8","dentro del rango, LR a favor, núcleo el más próximo: compatible con H1-H3; no con H5; H4 improbable"
1Tes,recepcion,compatible,compatible,compatible,compatible,no compatible,"recepcion_medidas.csv: H1, H2, H3, H4 compatibles (el canal no las separa: el núcleo muestra el mismo patrón); H5 no compatible","mismo rasero (D-027): dentro del rango del núcleo + 50 años, atribución estable; el canal no separa H1-H4"
1Tes,onomastica,no decide,no decide,no decide,no decide,no decide,"onomastica_lectura.csv: n_nombres=0, p_nuevos=, p_famosos=, p_nuevos_documentados=","no decide (sin nombres fuera del prescripto; también 1 Tes, del núcleo)"
1Tes,institucional,no decide,no decide,no decide,no decide,no decide,"institucional_lectura.csv: fecha_compatible=— (—); n_cargos=0, n_rasgos=0",H1-H3 no decide; H4 no decide; H5 no decide
Flm,estilometria,no decide,compatible,compatible,no decide,no compatible,"veredicto § 8.5: nivel 1 «discordante», nivel 2 «dentro», nivel 3 «pasa», nivel 4 8/8",dentro del rango con familias discordantes: compatible con H2-H3; no con H5
Flm,recepcion,compatible,compatible,compatible,compatible,no compatible,"recepcion_medidas.csv: H1, H2, H3, H4 compatibles (el canal no las separa: el núcleo muestra el mismo patrón); H5 no compatible","mismo rasero (D-027): dentro del rango del núcleo + 50 años, atribución estable; el canal no separa H1-H4"
Flm,onomastica,compatible,compatible,compatible,no decide,no decide,"onomastica_lectura.csv: n_nombres=6, p_nuevos=0.0, p_famosos=0.0, p_nuevos_documentados=",H1-H3 compatible; H4 no decide; H5 no decide
Flm,institucional,no decide,no decide,no decide,no decide,no decide,"institucional_lectura.csv: fecha_compatible=— (—); n_cargos=0, n_rasgos=0",H1-H3 no decide; H4 no decide; H5 no decide
Ef,estilometria,compatible,compatible,compatible,no compatible,no compatible,"veredicto § 8.5: nivel 1 «apoyo moderado a H_mismo-autor», nivel 2 «dentro», nivel 3 «pasa», nivel 4 8/8","dentro del rango, LR a favor, núcleo el más próximo: compatible con H1-H3; no con H5; H4 improbable"
Ef,recepcion,compatible,compatible,compatible,compatible,no compatible,"recepcion_medidas.csv: H1, H2, H3, H4 compatibles (el canal no las separa: el núcleo muestra el mismo patrón); H5 no compatible","mismo rasero (D-027): dentro del rango del núcleo + 50 años, atribución estable; el canal no separa H1-H4"
Ef,onomastica,compatible,compatible,compatible,no decide,no decide,"onomastica_lectura.csv: n_nombres=1, p_nuevos=0.0, p_famosos=0.0, p_nuevos_documentados=",H1-H3 compatible; H4 no decide; H5 no decide
Ef,institucional,no decide,no decide,no decide,no decide,no decide,"institucional_lectura.csv: fecha_compatible=— (—); n_cargos=0, n_rasgos=0",H1-H3 no decide; H4 no decide; H5 no decide
Col,estilometria,compatible,compatible,compatible,no compatible,no compatible,"veredicto § 8.5: nivel 1 «apoyo débil a H_mismo-autor», nivel 2 «dentro», nivel 3 «pasa», nivel 4 8/8","dentro del rango, LR a favor, núcleo el más próximo: compatible con H1-H3; no con H5; H4 improbable"
Col,recepcion,compatible,compatible,compatible,compatible,no compatible,"recepcion_medidas.csv: H1, H2, H3, H4 compatibles (el canal no las separa: el núcleo muestra el mismo patrón); H5 no compatible","mismo rasero (D-027): dentro del rango del núcleo + 50 años, atribución estable; el canal no separa H1-H4"
Col,onomastica,compatible,compatible,compatible,no decide,no compatible,"onomastica_lectura.csv: n_nombres=11, p_nuevos=0.182, p_famosos=0.0, p_nuevos_documentados=1.0",H1-H3 compatible; H4 no decide; H5 no compatible
Col,institucional,no decide,no decide,no decide,no decide,no decide,"institucional_lectura.csv: fecha_compatible=— (—); n_cargos=0, n_rasgos=0",H1-H3 no decide; H4 no decide; H5 no decide
2Tes,estilometria,compatible,compatible,compatible,no compatible,no compatible,"veredicto § 8.5: nivel 1 «apoyo moderado a H_mismo-autor», nivel 2 «dentro», nivel 3 «pasa», nivel 4 8/8","dentro del rango, LR a favor, núcleo el más próximo: compatible con H1-H3; no con H5; H4 improbable"
2Tes,recepcion,compatible,compatible,compatible,compatible,no compatible,"recepcion_medidas.csv: H1, H2, H3, H4 compatibles (el canal no las separa: el núcleo muestra el mismo patrón); H5 no compatible","mismo rasero (D-027): dentro del rango del núcleo + 50 años, atribución estable; el canal no separa H1-H4"
2Tes,onomastica,no decide,no decide,no decide,no decide,no decide,"onomastica_lectura.csv: n_nombres=0, p_nuevos=, p_famosos=, p_nuevos_documentados=","no decide (sin nombres fuera del prescripto; también 1 Tes, del núcleo)"
2Tes,institucional,no decide,no decide,no decide,no decide,no decide,"institucional_lectura.csv: fecha_compatible=— (—); n_cargos=0, n_rasgos=0",H1-H3 no decide; H4 no decide; H5 no decide
1Tim,estilometria,no decide,compatible,compatible,no decide,no compatible,"veredicto § 8.5: nivel 1 «discordante», nivel 2 «dentro», nivel 3 «pasa», nivel 4 8/8",dentro del rango con familias discordantes: compatible con H2-H3; no con H5
1Tim,recepcion,compatible,compatible,compatible,compatible,no compatible,"recepcion_medidas.csv: H1, H2, H3, H4 compatibles (el canal no las separa: el núcleo muestra el mismo patrón); H5 no compatible","mismo rasero (D-027): dentro del rango del núcleo + 50 años, atribución estable; el canal no separa H1-H4"
1Tim,onomastica,compatible,compatible,compatible,no decide,no decide,"onomastica_lectura.csv: n_nombres=5, p_nuevos=0.0, p_famosos=0.6, p_nuevos_documentados=",H1-H3 compatible; H4 no decide; H5 no decide
1Tim,institucional,no decide,no decide,no decide,compatible,no decide,"institucional_lectura.csv: fecha_compatible=fin_s1 (corpus_cristiano); n_cargos=10, n_rasgos=6",H1-H3 no decide; H4 compatible; H5 no decide
2Tim,estilometria,compatible,compatible,compatible,no decide,no compatible,"veredicto § 8.5: nivel 1 «apoyo débil a H_mismo-autor», nivel 2 «dentro», nivel 3 «indeterminado (IC del margen incluye 0)», nivel 4 8/8","dentro del rango, LR no discriminante: compatible con H1-H3; H5 improbable"
2Tim,recepcion,compatible,compatible,compatible,compatible,no compatible,"recepcion_medidas.csv: H1, H2, H3, H4 compatibles (el canal no las separa: el núcleo muestra el mismo patrón); H5 no compatible","mismo rasero (D-027): dentro del rango del núcleo + 50 años, atribución estable; el canal no separa H1-H4"
2Tim,onomastica,compatible,compatible,compatible,no compatible,no compatible,"onomastica_lectura.csv: n_nombres=27, p_nuevos=0.444, p_famosos=0.148, p_nuevos_documentados=1.0",H1-H3 compatible; H4 no compatible; H5 no compatible
2Tim,institucional,no decide,no decide,no decide,compatible,no decide,"institucional_lectura.csv: fecha_compatible=fin_s1 (corpus_cristiano); n_cargos=0, n_rasgos=0",H1-H3 no decide; H4 compatible; H5 no decide
Tit,estilometria,no decide,compatible,compatible,no decide,no compatible,"veredicto § 8.5: nivel 1 «discordante», nivel 2 «dentro», nivel 3 «pasa», nivel 4 8/8",dentro del rango con familias discordantes: compatible con H2-H3; no con H5
Tit,recepcion,compatible,compatible,compatible,compatible,no compatible,"recepcion_medidas.csv: H1, H2, H3, H4 compatibles (el canal no las separa: el núcleo muestra el mismo patrón); H5 no compatible","mismo rasero (D-027): dentro del rango del núcleo + 50 años, atribución estable; el canal no separa H1-H4"
Tit,onomastica,compatible,compatible,compatible,no compatible,no compatible,"onomastica_lectura.csv: n_nombres=4, p_nuevos=0.5, p_famosos=0.0, p_nuevos_documentados=1.0",H1-H3 compatible; H4 no compatible; H5 no compatible
Tit,institucional,no decide,no decide,no decide,compatible,no decide,"institucional_lectura.csv: fecha_compatible=fin_s1 (corpus_cristiano); n_cargos=2, n_rasgos=3",H1-H3 no decide; H4 compatible; H5 no decide
Heb,estilometria,no decide,no decide,no decide,no decide,no decide,"veredicto § 8.5: nivel 1 «apoyo débil a H_otro-autor», nivel 2 «dentro», nivel 3 «indeterminado (IC del margen incluye 0)», nivel 4 5/8","discordancia entre niveles (nivel 1 en contra, nivel 2 dentro): el veredicto no decide"
Heb,recepcion,no compatible,no compatible,no compatible,compatible,compatible,recepcion_medidas.csv: H1-H3 no compatible (atribución no estable); H4 compatible; H5 compatible,"atribución no estable (negada en Occidente: Ireneo según Gobar, Tertuliano → Bernabé, Roma según Eusebio)"
Heb,onomastica,no compatible,no compatible,no compatible,no decide,compatible,"onomastica_lectura.csv: n_nombres=24, p_nuevos=0.0, p_famosos=0.958, p_nuevos_documentados=",H1-H3 no compatible; H4 no decide; H5 compatible
Heb,institucional,no decide,no decide,no decide,compatible,no decide,"institucional_lectura.csv: fecha_compatible=fin_s1 (corpus_cristiano); n_cargos=0, n_rasgos=0",H1-H3 no decide; H4 compatible; H5 no decide
