# Cap. 2 § 4.4: capa B (13 rasgos), núcleo 6 y 7
Texto,"D (13 rasgos, núcleo 6)","D (13 rasgos, núcleo 7)",Condición
2 Corintios,0.598,0.504,indiscutida (núcleo)
Gálatas,0.629,0.682,indiscutida (núcleo)
1 Tesalonicenses,0.945,0.796,indiscutida (núcleo)
1 Corintios,0.989,0.989,indiscutida (núcleo)
Filipenses,1.076,0.920,indiscutida (núcleo)
Romanos,1.104,1.004,indiscutida (núcleo)
2 Timoteo,1.108,0.705,discutida
2 Tesalonicenses,1.190,0.918,discutida
2 Pedro,1.262,1.089,no paulina (control)
Santiago,1.452,1.371,no paulina (control)
Hebreos,1.457,1.348,discutida
Judas,1.514,1.342,no paulina (control)
1 Pedro,1.520,1.182,no paulina (control)
Tito,1.733,1.500,discutida
1 Timoteo,1.754,1.380,discutida
Efesios,1.990,1.782,discutida
Colosenses,2.138,1.960,discutida
Filemón,2.433,—,indiscutida (control externo)
1 Juan,2.854,2.643,no paulina (control)
