# Cap. 2 § 4.4: remuestreo multinomial, IC 95 %
Texto,IC 95 % (13 rasgos),Solapa con … de las 6 del núcleo
2 Timoteo,"[0,905; 1,768]",las seis
2 Tesalonicenses,"[1,036; 2,031]",cinco
2 Pedro,"[1,015; 1,969]",cinco
Hebreos,"[1,267; 1,757]",tres
Santiago,"[1,278; 1,846]",tres
1 Pedro,"[1,350; 1,977]",tres
Judas,"[1,414; 2,235]",dos
Tito,"[1,474; 2,519]",una
1 Timoteo,"[1,557; 2,122]",ninguna
Efesios,"[1,753; 2,372]",ninguna
Colosenses,"[1,872; 2,613]",ninguna
Filemón,"[2,009; 3,698]",ninguna
1 Juan,"[2,435; 3,392]",ninguna
