id,palabras,lemas_observados,lemas_predichos,ip95_inf,ip95_sup,residuo_log,dentro_del_intervalo,entrenamiento
Rom,7616,1073,1064.642488,895.821002,1265.279140,0.007819,True,True
1Cor,7253,1003,1034.028376,871.659192,1226.643042,-0.030467,True,True
2Cor,4793,818,807.320936,688.247024,946.995878,0.013141,True,True
Gal,2410,554,535.371533,456.022599,628.527355,0.034204,True,True
Ef,2588,564,558.656044,476.453784,655.040605,0.009520,True,False
Flp,1751,466,442.355444,373.537681,523.851672,0.052072,True,True
Col,1688,453,432.776664,364.977006,513.171071,0.045670,True,False
1Tes,1585,386,416.800112,350.677369,495.390775,-0.076769,True,True
2Tes,918,280,300.761471,246.447281,367.045893,-0.071528,True,False
1Tim,1697,568,434.153765,366.208355,514.705601,0.268723,False,False
2Tim,1320,459,373.643764,311.948722,447.540421,0.205747,False,False
Tit,689,314,253.376715,204.056221,314.617997,0.214516,True,False
Flm,357,143,171.066928,131.641601,222.299741,-0.179210,True,False
Heb,5216,1072,849.161731,722.740406,997.696599,0.233032,False,False
Sant,1838,580,455.358197,385.141449,538.376454,0.241944,False,False
1Pe,1770,562,445.216926,376.093020,527.045441,0.232940,False,False
2Pe,1162,417,346.241081,287.313891,417.254055,0.185951,True,False
1Jn,2322,262,523.604867,445.662054,615.179270,-0.692393,False,False
Jud,478,233,203.656289,160.048326,259.146004,0.134605,True,False
