id,ὁ,καί,ἐν,ἐγώ,σύ,ὅς,αὐτός,εἰς,δέ,γάρ,οὐ,μή,διά
Rom,1.815574,-0.649376,-0.725411,-1.162035,-0.912277,1.489414,1.593527,0.538182,0.104232,1.172940,0.129669,0.274587,1.697503
1Cor,-0.157059,-0.500238,-0.588243,-1.068971,-0.585534,-0.344713,-0.797969,-1.920745,1.447066,0.100269,1.303884,1.156594,-1.005950
2Cor,-0.469954,-0.255615,0.767846,1.049568,0.190028,0.695703,-0.527072,0.691776,-0.506139,0.394563,0.722473,0.292757,0.608080
Gal,-0.371830,-1.079556,-1.280562,-0.388454,-0.297578,-0.366837,-1.048245,-0.115729,0.777263,0.149652,0.017435,0.146925,-0.253134
Ef,4.138043,0.609979,2.575300,-1.533827,-1.143036,0.576286,2.907629,0.315192,-1.595883,-2.699446,-1.986076,-1.016389,0.036430
Flp,-1.110642,1.170929,1.252676,0.890314,-0.295419,-0.044488,0.657537,0.083949,-0.478656,-1.853319,-1.533293,-1.865360,-0.273119
Col,3.255948,1.079143,3.395142,-1.648455,-0.000559,1.832036,3.377815,-0.496235,-2.288126,-2.884959,-1.901019,-1.095936,0.116937
1Tes,0.293910,1.313856,0.573694,0.679579,1.900780,-1.429079,0.122223,0.722567,-1.343767,0.035895,-0.640168,-0.005504,-0.773381
2Tes,-0.124427,0.613862,0.044483,-0.157721,1.431595,1.914981,1.322886,0.449527,-0.977906,-2.380547,-1.209493,0.770480,1.283012
1Tim,-2.303965,0.674130,-0.284275,-2.559431,-1.497409,1.536246,-2.998158,-0.510369,-0.065018,-1.790339,-1.802883,1.435923,-2.281896
2Tim,-0.586155,0.479711,0.004371,0.209251,-0.851597,2.916999,-0.689911,0.067355,-0.077468,-1.005116,-1.144031,-1.754065,0.474497
Tit,-2.682105,0.532635,-1.253688,-0.160354,-1.268435,1.001617,-0.827074,-2.473922,-1.031872,-1.511039,-2.472984,2.891655,-1.650385
Flm,-2.311489,0.198973,0.001749,4.377892,4.566087,3.723643,-1.689463,-1.171605,-0.277200,-1.592324,-2.725462,-1.195113,1.422630
Heb,1.345062,0.290411,-2.106989,-2.003444,-1.544099,0.590264,3.422031,0.243142,-0.796931,0.818397,-0.457612,-0.381306,1.040554
Sant,0.225295,1.080119,-1.005612,-1.973940,-0.855748,-1.066422,1.902247,-1.228975,0.205588,-1.801963,-0.264693,1.101687,-3.115487
1Pe,-0.788561,-0.382593,-0.043232,-3.315738,-0.454413,1.594363,1.063773,2.456832,-0.338574,-2.326405,-1.447809,-0.484282,0.704899
2Pe,-1.282765,0.674386,1.236682,-1.516844,-0.835651,1.408659,2.761011,-0.919912,-0.093377,-0.391245,-0.929000,-1.330273,-0.901253
1Jn,3.592272,0.708783,0.827127,-0.438999,-0.730961,-0.353887,7.861319,-2.243505,-2.030278,-3.488112,0.870557,-0.267505,-2.637656
Jud,-0.560269,-0.066625,-1.546361,-1.753726,0.021730,0.039101,0.550893,-0.189306,0.928063,-3.274827,-1.997607,-0.987501,-2.665140
