# Apéndice A.4.3: distancia media al núcleo, percentiles intra-autor (c01 y c03, min-max y Delta), IC 95 % por bootstrap de autores y de ventanas, autor más influyente
carta,d_minmax,pct_mm_c01,pct_mm_c03,IC_autores_mm,IC_ventanas_mm,autor_influyente,sin_ese_autor,pct_delta_c01,pct_delta_c03,IC_autores_delta
Rom,0.634,0.587,0.600,0.37-0.85,0.43-0.63,Juliano,0.676,0.065,0.106,0.05-0.19
1Cor,0.644,0.662,0.675,0.45-0.93,0.59-0.75,Juliano,0.761,0.190,0.287,0.15-0.45
2Cor,0.608,0.252,0.283,0.15-0.46,0.17-0.39,Isócrates,0.225,0.023,0.050,0.01-0.11
Gal,0.631,0.525,0.562,0.34-0.79,0.43-0.63,Juliano,0.630,0.156,0.211,0.11-0.34
Flp,0.614,0.319,0.371,0.21-0.56,0.25-0.42,Isócrates,0.319,0.031,0.056,0.02-0.12
1Tes,0.621,0.447,0.434,0.24-0.63,0.32-0.49,Juliano,0.488,0.065,0.113,0.06-0.19
Flm,0.626,0.530,0.502,0.28-0.72,0.37-0.51,Josefo,0.441,0.068,0.144,0.07-0.23
Ef,0.623,0.535,0.465,0.25-0.68,0.34-0.59,Josefo,0.406,0.029,0.058,0.02-0.12
Col,0.650,0.665,0.691,0.47-0.94,0.62-0.72,Juliano,0.780,0.068,0.150,0.07-0.24
2Tes,0.614,0.216,0.362,0.20-0.55,0.16-0.36,Isócrates,0.309,0.026,0.098,0.04-0.18
1Tim,0.631,0.556,0.568,0.35-0.80,0.47-0.62,Juliano,0.638,0.171,0.325,0.18-0.50
2Tim,0.614,0.327,0.352,0.19-0.54,0.21-0.40,Isócrates,0.298,0.171,0.207,0.10-0.34
Tit,0.672,0.779,0.803,0.63-1.00,0.76-0.81,Juliano,0.879,0.719,0.784,0.63-0.95
