# Apéndice A.4.6: pseudoepigrafías conocidas frente al autor imitado, campaña 03 (gi_results_all_specs.csv, filas pseudepigraphy)
pseudoepígrafo,mediana,mín,máx
2Clem,0.133,0.060,0.290
3Cor,0.542,0.253,0.717
IgnLong#1,0.312,0.077,0.530
IgnLong#10,0.593,0.137,0.837
IgnLong#13,0.162,0.067,0.543
IgnLong#4,0.377,0.227,0.730
IgnLong#5,0.215,0.080,0.467
IgnLong#9,0.678,0.520,0.920
Plut_Fato,0.273,0.173,0.387
Plut_LibEd,0.515,0.453,0.613
PsClem_EpJac,0.050,0.030,0.077
PsClem_EpPet,0.065,0.040,0.110
