id,mask,ref_start,ref_end,description
# RECONSTRUCCIÓN de las tablas de máscaras por referencia (capítulo:versículo, inclusive) de la campaña 01.
# formulae = prescripto, acción de gracias/bendición inicial y cierre epistolar; preformed = himnos, fórmulas de fe,
# códigos domésticos, «dichos fieles», doxologías y material apocalíptico tradicional; otq = citas explícitas del AT.
# Las extensiones citadas en el libro (Ef 35 %, Col 42 %, 2Tes 820→542, 1Tim 1591→1419, 2Tim 1235→1048, Tit 659→452)
# se han usado para calibrar la reconstrucción; los tramos concretos de Ef, Col, 2Tes, 1Tim, 2Tim y Tit son los que el
# capítulo 10 enumera en cada ficha.
Rom,formulae,1:1,1:15,prescripto y acción de gracias
Rom,formulae,16:1,16:27,recomendación de Febe; saludos; doxología final
Rom,preformed,1:3,1:4,fórmula cristológica
Rom,preformed,4:25,4:25,fórmula
Rom,preformed,10:9,10:9,fórmula de fe
Rom,otq,1:17,1:17,Hab 2:4
Rom,otq,2:24,2:24,Is 52:5
Rom,otq,3:4,3:4,Sal 51:6
Rom,otq,3:10,3:18,catena de citas
Rom,otq,4:3,4:3,Gn 15:6
Rom,otq,4:7,4:8,Sal 32:1-2
Rom,otq,4:17,4:18,Gn 17:5; 15:5
Rom,otq,7:7,7:7,Ex 20:17
Rom,otq,8:36,8:36,Sal 44:23
Rom,otq,9:7,9:7,Gn 21:12
Rom,otq,9:9,9:9,Gn 18:10
Rom,otq,9:12,9:13,Gn 25:23; Mal 1:2-3
Rom,otq,9:15,9:15,Ex 33:19
Rom,otq,9:17,9:17,Ex 9:16
Rom,otq,9:20,9:20,Is 29:16
Rom,otq,9:25,9:29,Os 2:25; 2:1; Is 10:22-23; 1:9
Rom,otq,9:33,9:33,Is 28:16; 8:14
Rom,otq,10:5,10:8,Lv 18:5; Dt 30:12-14
Rom,otq,10:11,10:11,Is 28:16
Rom,otq,10:13,10:13,Jl 3:5
Rom,otq,10:15,10:16,Is 52:7; 53:1
Rom,otq,10:18,10:21,Sal 19:5; Dt 32:21; Is 65:1-2
Rom,otq,11:3,11:4,1 Re 19:10.18
Rom,otq,11:8,11:10,Dt 29:3; Is 29:10; Sal 69:23-24
Rom,otq,11:26,11:27,Is 59:20-21; 27:9
Rom,otq,11:34,11:35,Is 40:13; Job 41:3
Rom,otq,12:19,12:20,Dt 32:35; Pr 25:21-22
Rom,otq,13:9,13:9,Ex 20:13-17; Lv 19:18
Rom,otq,14:11,14:11,Is 45:23
Rom,otq,15:3,15:3,Sal 69:10
Rom,otq,15:9,15:12,Sal 18:50; Dt 32:43; Sal 117:1; Is 11:10
Rom,otq,15:21,15:21,Is 52:15
1Cor,formulae,1:1,1:9,prescripto y acción de gracias
1Cor,formulae,16:19,16:24,saludos y cierre
1Cor,preformed,8:6,8:6,fórmula de fe
1Cor,preformed,11:23,11:25,tradición eucarística
1Cor,preformed,15:3,15:7,fórmula kerigmática
1Cor,otq,1:19,1:19,Is 29:14
1Cor,otq,1:31,1:31,Jr 9:22-23
1Cor,otq,2:9,2:9,Is 64:3
1Cor,otq,2:16,2:16,Is 40:13
1Cor,otq,3:19,3:20,Job 5:13; Sal 94:11
1Cor,otq,5:13,5:13,Dt 17:7
1Cor,otq,6:16,6:16,Gn 2:24
1Cor,otq,9:9,9:9,Dt 25:4
1Cor,otq,10:7,10:7,Ex 32:6
1Cor,otq,10:26,10:26,Sal 24:1
1Cor,otq,14:21,14:21,Is 28:11-12
1Cor,otq,15:27,15:27,Sal 8:7
1Cor,otq,15:32,15:32,Is 22:13
1Cor,otq,15:45,15:45,Gn 2:7
1Cor,otq,15:54,15:55,Is 25:8; Os 13:14
2Cor,formulae,1:1,1:7,prescripto y bendición
2Cor,formulae,13:11,13:13,cierre y bendición
2Cor,otq,4:13,4:13,Sal 116:10
2Cor,otq,6:2,6:2,Is 49:8
2Cor,otq,6:16,6:18,catena de citas
2Cor,otq,8:15,8:15,Ex 16:18
2Cor,otq,9:9,9:9,Sal 112:9
2Cor,otq,10:17,10:17,Jr 9:22-23
2Cor,otq,13:1,13:1,Dt 19:15
Gal,formulae,1:1,1:5,prescripto
Gal,formulae,6:18,6:18,cierre
Gal,preformed,3:28,3:28,fórmula bautismal
Gal,otq,3:6,3:6,Gn 15:6
Gal,otq,3:8,3:8,Gn 12:3; 18:18
Gal,otq,3:10,3:13,Dt 27:26; Hab 2:4; Lv 18:5; Dt 21:23
Gal,otq,3:16,3:16,Gn 13:15; 17:8
Gal,otq,4:27,4:27,Is 54:1
Gal,otq,4:30,4:30,Gn 21:10
Gal,otq,5:14,5:14,Lv 19:18
Flp,formulae,1:1,1:11,prescripto y acción de gracias
Flp,formulae,4:21,4:23,saludos y cierre
Flp,preformed,2:6,2:11,himno cristológico
1Tes,formulae,1:1,1:10,prescripto y acción de gracias
1Tes,formulae,5:25,5:28,cierre
1Tes,preformed,4:15,4:17,palabra del Señor (tradición apocalíptica)
Flm,formulae,1:1,1:7,prescripto y acción de gracias
Flm,formulae,1:23,1:25,saludos y cierre
Ef,formulae,1:1,1:2,prescripto
Ef,formulae,6:21,6:24,envío de Tíquico y cierre
Ef,preformed,1:3,1:14,bendición
Ef,preformed,1:15,1:23,oración
Ef,preformed,5:14,5:14,fragmento hímnico
Ef,preformed,5:21,6:9,código doméstico
Ef,otq,4:8,4:8,Sal 68:19
Ef,otq,4:25,4:26,Zac 8:16; Sal 4:5
Ef,otq,5:31,5:31,Gn 2:24
Ef,otq,6:2,6:3,Ex 20:12
Col,formulae,1:1,1:2,apertura
Col,formulae,1:3,1:14,acción de gracias e intercesión
Col,formulae,4:7,4:18,cierre (envío de Tíquico, saludos, autógrafo)
Col,preformed,1:15,1:20,himno
Col,preformed,3:18,4:1,código doméstico
2Tes,formulae,1:1,1:2,prescripto
2Tes,formulae,1:3,1:12,acción de gracias con material apocalíptico tradicional (1:5-10)
2Tes,formulae,3:16,3:18,cierre y autógrafo
1Tim,formulae,1:1,1:2,prescripto
1Tim,formulae,6:21,6:21,cierre
1Tim,preformed,1:15,1:15,dicho fiel
1Tim,preformed,2:5,2:6,fórmula de fe
1Tim,preformed,3:1,3:1,dicho fiel
1Tim,preformed,3:16,3:16,himno
1Tim,preformed,4:9,4:9,dicho fiel
1Tim,preformed,6:15,6:16,doxología
1Tim,otq,5:18,5:18,Dt 25:4
2Tim,formulae,1:1,1:2,prescripto
2Tim,formulae,4:19,4:22,saludos y cierre
2Tim,preformed,1:9,1:10,fórmula soteriológica
2Tim,preformed,2:11,2:13,dicho fiel
2Tim,otq,2:19,2:19,Nm 16:5; Is 26:13
Tit,formulae,1:1,1:4,prescripto (65 palabras)
Tit,formulae,3:12,3:15,cierre
Tit,preformed,3:4,3:8,dicho fiel
