family,spec_index,label,dia,features,metric,window,mask,core,edition,iters,n_neg_cristianos,auc_cristiana,auc_cristiana_pos_cristianos,fpr_cristiana_0.5
dirichlet,0,dirichlet|dia|mfw:300|dirmult|w500|mnone|hauptbriefe|sblgnt,dia,mfw:300,dirmult,500,none,hauptbriefe,sblgnt,300,508,0.9687199059649918,0.9473946271421955,0.013779527559055118
dirichlet,1,dirichlet|dia|mfw:300|dirmult|w500|mnone|seven_plus|sblgnt,dia,mfw:300,dirmult,500,none,seven_plus,sblgnt,300,508,0.9629879524776718,0.9387248468941383,0.017716535433070866
dirichlet,2,dirichlet|dia|mfw:300|dirmult|w500|mnone|trece|sblgnt,dia,mfw:300,dirmult,500,none,trece,sblgnt,300,508,0.9662747949189279,0.945771904841682,0.015748031496062992
dirichlet,3,dirichlet|dia|mfw:300|dirmult|w500|mformulae+preformed+otq+reuse|hauptbriefe|sblgnt,dia,mfw:300,dirmult,500,formulae+preformed+otq+reuse,hauptbriefe,sblgnt,300,508,0.9681074038407069,0.943422880963409,0.013779527559055118
dirichlet,4,dirichlet|dia|mfw:300|dirmult|w500|mformulae+preformed+otq+reuse|seven_plus|sblgnt,dia,mfw:300,dirmult,500,formulae+preformed+otq+reuse,seven_plus,sblgnt,300,508,0.9666119473581704,0.940748031496063,0.011811023622047244
dirichlet,5,dirichlet|dia|mfw:300|dirmult|w500|mformulae+preformed+otq+reuse|trece|sblgnt,dia,mfw:300,dirmult,500,formulae+preformed+otq+reuse,trece,sblgnt,300,508,0.9675848445773546,0.9415940693583514,0.011811023622047244
dirichlet,6,dirichlet|dia|closed:150|dirmult|w500|mnone|hauptbriefe|sblgnt,dia,closed:150,dirmult,500,none,hauptbriefe,sblgnt,300,508,0.9433524046904209,0.9159796201945345,0.005905511811023622
dirichlet,7,dirichlet|dia|closed:150|dirmult|w500|mnone|seven_plus|sblgnt,dia,closed:150,dirmult,500,none,seven_plus,sblgnt,300,508,0.9393450377006761,0.9158573928258967,0.00984251968503937
dirichlet,8,dirichlet|dia|closed:150|dirmult|w500|mnone|trece|sblgnt,dia,closed:150,dirmult,500,none,trece,sblgnt,300,508,0.9369152788828226,0.9209771318478808,0.013779527559055118
dirichlet,9,dirichlet|dia|closed:150|dirmult|w500|mformulae+preformed+otq+reuse|hauptbriefe|sblgnt,dia,closed:150,dirmult,500,formulae+preformed+otq+reuse,hauptbriefe,sblgnt,300,508,0.9442233614683057,0.9067855488652153,0.003937007874015748
dirichlet,10,dirichlet|dia|closed:150|dirmult|w500|mformulae+preformed+otq+reuse|seven_plus|sblgnt,dia,closed:150,dirmult,500,formulae+preformed+otq+reuse,seven_plus,sblgnt,300,508,0.9432890014189922,0.9138670166229221,0.003937007874015748
dirichlet,11,dirichlet|dia|closed:150|dirmult|w500|mformulae+preformed+otq+reuse|trece|sblgnt,dia,closed:150,dirmult,500,formulae+preformed+otq+reuse,trece,sblgnt,300,508,0.9366546407308842,0.9147365555369409,0.00984251968503937
impostores,0,dia|mfw:300|minmax|w500|mnone|hauptbriefe|sblgnt,dia,mfw:300,minmax,500,none,hauptbriefe,sblgnt,300,508,0.8755062878830794,0.8758105604446503,0.11220472440944881
impostores,1,dia|mfw:300|minmax|w500|mnone|seven_plus|sblgnt,dia,mfw:300,minmax,500,none,seven_plus,sblgnt,300,508,0.8117505077766339,0.8214238845144357,0.20866141732283464
impostores,2,dia|mfw:300|minmax|w500|mnone|trece|sblgnt,dia,mfw:300,minmax,500,none,trece,sblgnt,300,508,0.7951349831271091,0.8141857932652036,0.23228346456692914
impostores,3,dia|mfw:300|minmax|w500|mformulae+preformed+otq+reuse|hauptbriefe|sblgnt,dia,mfw:300,minmax,500,formulae+preformed+otq+reuse,hauptbriefe,sblgnt,300,508,0.8763878660850847,0.8798865215377489,0.1141732283464567
impostores,4,dia|mfw:300|minmax|w500|mformulae+preformed+otq+reuse|seven_plus|sblgnt,dia,mfw:300,minmax,500,formulae+preformed+otq+reuse,seven_plus,sblgnt,300,508,0.8077856765254167,0.8159120734908136,0.2106299212598425
impostores,5,dia|mfw:300|minmax|w500|mformulae+preformed+otq+reuse|trece|sblgnt,dia,mfw:300,minmax,500,formulae+preformed+otq+reuse,trece,sblgnt,300,508,0.7926726384811654,0.8109503266878875,0.234251968503937
impostores,6,dia|mfw:300|delta|w500|mnone|hauptbriefe|sblgnt,dia,mfw:300,delta,500,none,hauptbriefe,sblgnt,300,508,0.7809791536849261,0.7693029180176008,0.1279527559055118
impostores,7,dia|mfw:300|delta|w500|mnone|seven_plus|sblgnt,dia,mfw:300,delta,500,none,seven_plus,sblgnt,300,508,0.6933098689518934,0.702755905511811,0.24606299212598426
impostores,8,dia|mfw:300|delta|w500|mnone|trece|sblgnt,dia,mfw:300,delta,500,none,trece,sblgnt,300,508,0.6788492139702049,0.6958452002010387,0.2755905511811024
impostores,9,dia|mfw:300|delta|w500|mformulae+preformed+otq+reuse|hauptbriefe|sblgnt,dia,mfw:300,delta,500,formulae+preformed+otq+reuse,hauptbriefe,sblgnt,300,508,0.7774351385033705,0.7670680870773506,0.1279527559055118
impostores,10,dia|mfw:300|delta|w500|mformulae+preformed+otq+reuse|seven_plus|sblgnt,dia,mfw:300,delta,500,formulae+preformed+otq+reuse,seven_plus,sblgnt,300,508,0.6817805570240115,0.6846894138232721,0.2559055118110236
impostores,11,dia|mfw:300|delta|w500|mformulae+preformed+otq+reuse|trece|sblgnt,dia,mfw:300,delta,500,formulae+preformed+otq+reuse,trece,sblgnt,300,508,0.6627616669867487,0.6855524375942369,0.297244094488189
impostores,12,dia|closed:150|minmax|w500|mnone|hauptbriefe|sblgnt,dia,closed:150,minmax,500,none,hauptbriefe,sblgnt,300,508,0.8440137653656602,0.8449976841130152,0.10826771653543307
impostores,13,dia|closed:150|minmax|w500|mnone|seven_plus|sblgnt,dia,closed:150,minmax,500,none,seven_plus,sblgnt,300,508,0.7724673770902312,0.7787620297462817,0.15551181102362205
impostores,14,dia|closed:150|minmax|w500|mnone|trece|sblgnt,dia,closed:150,minmax,500,none,trece,sblgnt,300,508,0.7497427912974293,0.7676013570112247,0.20669291338582677
impostores,15,dia|closed:150|minmax|w500|mformulae+preformed+otq+reuse|hauptbriefe|sblgnt,dia,closed:150,minmax,500,formulae+preformed+otq+reuse,hauptbriefe,sblgnt,300,508,0.8469169546252762,0.8506484483557203,0.10433070866141732
impostores,16,dia|closed:150|minmax|w500|mformulae+preformed+otq+reuse|seven_plus|sblgnt,dia,closed:150,minmax,500,formulae+preformed+otq+reuse,seven_plus,sblgnt,300,508,0.7758618291088172,0.781933508311461,0.1594488188976378
impostores,17,dia|closed:150|minmax|w500|mformulae+preformed+otq+reuse|trece|sblgnt,dia,closed:150,minmax,500,formulae+preformed+otq+reuse,trece,sblgnt,300,508,0.7524143323547972,0.7656852069023287,0.1968503937007874
impostores,18,dia|closed:150|delta|w500|mnone|hauptbriefe|sblgnt,dia,closed:150,delta,500,none,hauptbriefe,sblgnt,300,508,0.8229196170622557,0.8031148679944419,0.11811023622047244
impostores,19,dia|closed:150|delta|w500|mnone|seven_plus|sblgnt,dia,closed:150,delta,500,none,seven_plus,sblgnt,300,508,0.7400253192732534,0.7454068241469817,0.15551181102362205
impostores,20,dia|closed:150|delta|w500|mnone|trece|sblgnt,dia,closed:150,delta,500,none,trece,sblgnt,300,508,0.696713215726083,0.7139491539621378,0.18110236220472442
impostores,21,dia|closed:150|delta|w500|mformulae+preformed+otq+reuse|hauptbriefe|sblgnt,dia,closed:150,delta,500,formulae+preformed+otq+reuse,hauptbriefe,sblgnt,300,508,0.8303935591684133,0.8202987494210282,0.12598425196850394
impostores,22,dia|closed:150|delta|w500|mformulae+preformed+otq+reuse|seven_plus|sblgnt,dia,closed:150,delta,500,formulae+preformed+otq+reuse,seven_plus,sblgnt,300,508,0.7616858184246403,0.7662948381452318,0.14173228346456693
impostores,23,dia|closed:150|delta|w500|mformulae+preformed+otq+reuse|trece|sblgnt,dia,closed:150,delta,500,formulae+preformed+otq+reuse,trece,sblgnt,300,508,0.7165731570139099,0.7336551348634612,0.17125984251968504
impostores,24,dia|char3:600|minmax|w500|mnone|hauptbriefe|sblgnt,dia,char3:600,minmax,500,none,hauptbriefe,sblgnt,300,508,0.9108225230838951,0.9049096804075961,0.0984251968503937
impostores,25,dia|char3:600|minmax|w500|mnone|seven_plus|sblgnt,dia,char3:600,minmax,500,none,seven_plus,sblgnt,300,508,0.8767180935421941,0.8724628171478566,0.14960629921259844
impostores,26,dia|char3:600|minmax|w500|mnone|trece|sblgnt,dia,char3:600,minmax,500,none,trece,sblgnt,300,508,0.8588747290734999,0.8584352487853912,0.18110236220472442
impostores,27,dia|char3:600|minmax|w500|mformulae+preformed+otq+reuse|hauptbriefe|sblgnt,dia,char3:600,minmax,500,formulae+preformed+otq+reuse,hauptbriefe,sblgnt,300,508,0.9115483203987991,0.9074339972209357,0.10826771653543307
impostores,28,dia|char3:600|minmax|w500|mformulae+preformed+otq+reuse|seven_plus|sblgnt,dia,char3:600,minmax,500,formulae+preformed+otq+reuse,seven_plus,sblgnt,300,508,0.8704682674383016,0.8668963254593176,0.17519685039370078
impostores,29,dia|char3:600|minmax|w500|mformulae+preformed+otq+reuse|trece|sblgnt,dia,char3:600,minmax,500,formulae+preformed+otq+reuse,trece,sblgnt,300,508,0.8557573595983429,0.85654004020774,0.18503937007874016
impostores,30,dia|char3:600|delta|w500|mnone|hauptbriefe|sblgnt,dia,char3:600,delta,500,none,hauptbriefe,sblgnt,300,508,0.9037840593666799,0.8914543770264011,0.1141732283464567
impostores,31,dia|char3:600|delta|w500|mnone|seven_plus|sblgnt,dia,char3:600,delta,500,none,seven_plus,sblgnt,300,508,0.8472461812414791,0.8345363079615048,0.15748031496062992
impostores,32,dia|char3:600|delta|w500|mnone|trece|sblgnt,dia,char3:600,delta,500,none,trece,sblgnt,300,508,0.8341518285824028,0.8247403250125649,0.1968503937007874
impostores,33,dia|char3:600|delta|w500|mformulae+preformed+otq+reuse|hauptbriefe|sblgnt,dia,char3:600,delta,500,formulae+preformed+otq+reuse,hauptbriefe,sblgnt,300,508,0.9055011895995015,0.8934576192681797,0.1062992125984252
impostores,34,dia|char3:600|delta|w500|mformulae+preformed+otq+reuse|seven_plus|sblgnt,dia,char3:600,delta,500,formulae+preformed+otq+reuse,seven_plus,sblgnt,300,508,0.8469783812359144,0.8344378827646545,0.17125984251968504
impostores,35,dia|char3:600|delta|w500|mformulae+preformed+otq+reuse|trece|sblgnt,dia,char3:600,delta,500,formulae+preformed+otq+reuse,trece,sblgnt,300,508,0.8272037641636258,0.8192222315295694,0.20866141732283464
impostores,36,dia|lemma_dict:300|minmax|w500|mnone|hauptbriefe|sblgnt,dia,lemma_dict:300,minmax,500,none,hauptbriefe,sblgnt,300,508,0.8611284200985668,0.8428902269569245,0.13188976377952755
impostores,37,dia|lemma_dict:300|minmax|w500|mnone|seven_plus|sblgnt,dia,lemma_dict:300,minmax,500,none,seven_plus,sblgnt,300,508,0.7914916112517737,0.7827646544181978,0.23031496062992127
impostores,38,dia|lemma_dict:300|minmax|w500|mnone|trece|sblgnt,dia,lemma_dict:300,minmax,500,none,trece,sblgnt,300,508,0.7687933825345002,0.7676432400737142,0.26968503937007876
impostores,39,dia|lemma_dict:300|minmax|w500|mformulae+preformed+otq+reuse|hauptbriefe|sblgnt,dia,lemma_dict:300,minmax,500,formulae+preformed+otq+reuse,hauptbriefe,sblgnt,300,508,0.8689457882512888,0.853219082908754,0.12598425196850394
impostores,40,dia|lemma_dict:300|minmax|w500|mformulae+preformed+otq+reuse|seven_plus|sblgnt,dia,lemma_dict:300,minmax,500,formulae+preformed+otq+reuse,seven_plus,sblgnt,300,508,0.789836120308283,0.7809711286089239,0.24606299212598426
impostores,41,dia|lemma_dict:300|minmax|w500|mformulae+preformed+otq+reuse|trece|sblgnt,dia,lemma_dict:300,minmax,500,formulae+preformed+otq+reuse,trece,sblgnt,300,508,0.7695375730472716,0.7637795275590551,0.2736220472440945
impostores,42,dia|lemma_dict:300|delta|w500|mnone|hauptbriefe|sblgnt,dia,lemma_dict:300,delta,500,none,hauptbriefe,sblgnt,300,508,0.7151086217640061,0.6874478925428439,0.18110236220472442
impostores,43,dia|lemma_dict:300|delta|w500|mnone|seven_plus|sblgnt,dia,lemma_dict:300,delta,500,none,seven_plus,sblgnt,300,508,0.6353363846303665,0.6321741032370953,0.3858267716535433
impostores,44,dia|lemma_dict:300|delta|w500|mnone|trece|sblgnt,dia,lemma_dict:300,delta,500,none,trece,sblgnt,300,508,0.6133844549919065,0.6286333556709667,0.4409448818897638
impostores,45,dia|lemma_dict:300|delta|w500|mformulae+preformed+otq+reuse|hauptbriefe|sblgnt,dia,lemma_dict:300,delta,500,formulae+preformed+otq+reuse,hauptbriefe,sblgnt,300,508,0.7170169376309976,0.6871584066697545,0.17913385826771652
impostores,46,dia|lemma_dict:300|delta|w500|mformulae+preformed+otq+reuse|seven_plus|sblgnt,dia,lemma_dict:300,delta,500,formulae+preformed+otq+reuse,seven_plus,sblgnt,300,508,0.6369849197295567,0.6376202974628171,0.36220472440944884
impostores,47,dia|lemma_dict:300|delta|w500|mformulae+preformed+otq+reuse|trece|sblgnt,dia,lemma_dict:300,delta,500,formulae+preformed+otq+reuse,trece,sblgnt,300,508,0.6167418859227962,0.632832132685542,0.4389763779527559
