family,spec_index,label,dia,features,metric,window,mask,core,edition,iters,n_pos,n_neg,auc,c_at_1,thr_low,thr_high,fpr_at_0.5,fnr_at_0.5,valid,n_pos_epist,n_neg_epist,auc_epist,c_at_1_epist,fpr_epist_0.5,fnr_epist_0.5,valid_epist,auc_cristiana,alpha
impostores,0,dia|mfw:100|minmax|w500|mnone|seven|sblgnt,dia,mfw:100,minmax,500,none,seven,sblgnt,300,281,1323,0.8653389390552583,0.8638709491856394,0.3,0.7,0.12471655328798185,0.45195729537366547,True,73,641,0.9811403415040711,0.9571436417704337,0.0686427457098284,0.1232876712328767,True,0.8263690050107373,
impostores,1,dia|mfw:100|minmax|w500|mformulae+preformed+otq+reuse|seven|sblgnt,dia,mfw:100,minmax,500,formulae+preformed+otq+reuse,seven,sblgnt,300,281,1323,0.8688317557153348,0.8634741077480862,0.325,0.675,0.12698412698412698,0.4412811387900356,True,73,641,0.9826149210351975,0.9616670197490762,0.0655226209048362,0.0821917808219178,True,0.8342877594846099,
impostores,2,dia|mfw:100|delta|w500|mnone|seven|sblgnt,dia,mfw:100,delta,500,none,seven,sblgnt,300,281,1323,0.84999045090555,0.8486141255340451,0.35,0.65,0.12471655328798185,0.45907473309608543,True,73,641,0.9767379736285342,0.9521573335216439,0.06396255850234009,0.136986301369863,True,0.8008791159627774,
impostores,3,dia|mfw:100|delta|w500|mformulae+preformed+otq+reuse|seven|sblgnt,dia,mfw:100,delta,500,formulae+preformed+otq+reuse,seven,sblgnt,300,281,1323,0.8533568429348806,0.8534399661693646,0.325,0.675,0.12622826908541193,0.45907473309608543,True,73,641,0.9774966341119398,0.9565551710880431,0.060842433697347896,0.136986301369863,True,0.8052523264137438,
impostores,4,dia|mfw:500|minmax|w500|mnone|seven|sblgnt,dia,mfw:500,minmax,500,none,seven,sblgnt,300,281,1323,0.8846079357009707,0.8655107866244612,0.325,0.675,0.1383219954648526,0.3879003558718861,True,73,641,0.985489282585002,0.9557077733054007,0.09828393135725429,0.0547945205479452,True,0.8354621510379384,
impostores,5,dia|mfw:500|minmax|w500|mformulae+preformed+otq+reuse|seven|sblgnt,dia,mfw:500,minmax,500,formulae+preformed+otq+reuse,seven,sblgnt,300,281,1323,0.8824250934062831,0.8693664840392784,0.325,0.675,0.1398337112622827,0.3807829181494662,True,73,641,0.9862906845040925,0.9544111762351999,0.0904836193447738,0.0547945205479452,True,0.8327442734430923,
impostores,6,dia|mfw:500|delta|w500|mnone|seven|sblgnt,dia,mfw:500,delta,500,none,seven,sblgnt,300,281,1323,0.784740547068966,0.8266234351776419,0.375,0.625,0.13151927437641722,0.4804270462633452,False,73,641,0.9718013378069369,0.9279064567003271,0.1060842433697348,0.0547945205479452,True,0.6716177523264137,
impostores,7,dia|mfw:500|delta|w500|mformulae+preformed+otq+reuse|seven|sblgnt,dia,mfw:500,delta,500,formulae+preformed+otq+reuse,seven,sblgnt,300,281,1323,0.760442808993902,0.827662763291273,0.4,0.6,0.1360544217687075,0.48398576512455516,False,73,641,0.9709037676575556,0.9204505331544383,0.10764430577223089,0.0547945205479452,True,0.6606343951324266,
impostores,8,dia|char4:1000|minmax|w500|mnone|seven|sblgnt,dia,char4:1000,minmax,500,none,seven,sblgnt,300,281,1323,0.9092082859240967,0.8743765586034913,0.25,0.75,0.12773998488284202,0.298932384341637,True,73,641,0.993257538520719,0.9644249856805467,0.0842433697347894,0.0,True,0.8726735862562635,
impostores,9,dia|char4:1000|minmax|w500|mformulae+preformed+otq+reuse|seven|sblgnt,dia,char4:1000,minmax,500,formulae+preformed+otq+reuse,seven,sblgnt,300,281,1323,0.9078189599287718,0.8770495052891463,0.3,0.7,0.12471655328798185,0.30604982206405695,True,73,641,0.9934071335456158,0.9614728244238872,0.07956318252730109,0.0,True,0.8714768253400144,
impostores,10,dia|char4:1000|delta|w500|mnone|seven|sblgnt,dia,char4:1000,delta,500,none,seven,sblgnt,300,281,1323,0.8598569518752539,0.8326844982307323,0.325,0.675,0.164021164021164,0.34519572953736655,True,73,641,0.984089500566324,0.915389685285879,0.1419656786271451,0.0,True,0.7626163206871869,
impostores,11,dia|char4:1000|delta|w500|mformulae+preformed+otq+reuse|seven|sblgnt,dia,char4:1000,delta,500,formulae+preformed+otq+reuse,seven,sblgnt,300,281,1323,0.862514559006679,0.8326405774839709,0.325,0.675,0.15268329554043839,0.3487544483985765,True,73,641,0.98538242899579,0.9171825592982291,0.12636505460218408,0.0,True,0.757527290622763,
