id,tokens,acuerdo_pos,acuerdo_lema
Mt,18329,0.13715969229090513,0.42119046320039283
Mc,11286,0.2010455431508063,0.6848307637781322
Lc,19446,0.17607734238403785,0.5909698652679214
Jn,15438,0.10053115688560695,0.2599429977976422
Hch,18412,0.17189876167716706,0.5898327177927438
Rom,7055,0.139900779588944,0.46307583274273567
1Cor,6812,0.08763945977686435,0.3549618320610687
2Cor,4473,0.10708696624189581,0.3563603845293986
Gal,2226,0.11365678346810422,0.4716981132075472
Ef,2416,0.06746688741721854,0.15769867549668873
Flp,1626,0.0965559655596556,0.32595325953259535
Col,1580,0.21645569620253163,0.6208860759493671
1Tes,1473,0.08486082824168364,0.27630685675492195
2Tes,820,0.18536585365853658,0.5914634146341463
1Tim,1591,0.11062225015713388,0.6021370207416719
2Tim,1235,0.18218623481781376,0.648582995951417
Tit,659,0.1274658573596358,0.5523520485584219
Flm,334,0.26646706586826346,0.6916167664670658
Heb,4935,0.11590678824721377,0.4204660587639311
Sant,1739,0.0816561242093157,0.2742955721679126
1Pe,1678,0.1501787842669845,0.570321811680572
2Pe,1098,0.15209471766848817,0.5245901639344263
1Jn,2137,0.24052409920449228,0.7080018717828732
2Jn,245,0.2,0.710204081632653
3Jn,219,0.1917808219178082,0.6210045662100456
Jud,459,0.15904139433551198,0.5054466230936819
Ap,9833,0.18661649547442286,0.5703244177768738
