family,features,metric,mask,window,dia,core,edition,Ef,Col,2Tes,1Tim,2Tim,Tit,Heb
dirichlet,closed:150,dirmult,formulae+preformed+otq+reuse,300,dia,seven,sblgnt,0.37,0.26,0.42,0.49333333333333335,0.08333333333333333,0.19666666666666666,0.09666666666666666
dirichlet,closed:150,dirmult,none,300,dia,seven,sblgnt,0.3933333333333333,0.29333333333333333,0.37666666666666665,0.52,0.11666666666666667,0.19,0.15
dirichlet,mfw:300,dirmult,formulae+preformed+otq+reuse,300,dia,seven,sblgnt,0.7166666666666667,0.8766666666666667,0.8566666666666667,0.7766666666666666,0.6633333333333333,0.5433333333333333,0.24333333333333335
dirichlet,mfw:300,dirmult,none,300,dia,seven,sblgnt,0.82,0.8866666666666667,0.89,0.88,0.8266666666666667,0.7233333333333334,0.33
impostores,char3:600,delta,formulae+preformed+otq+reuse,300,dia,seven,sblgnt,0.74,0.8133333333333334,0.7033333333333334,0.35,0.48,0.14,0.19666666666666666
impostores,char3:600,delta,none,300,dia,seven,sblgnt,0.8533333333333334,0.89,0.8033333333333333,0.42333333333333334,0.5033333333333333,0.22666666666666666,0.25666666666666665
impostores,char3:600,minmax,formulae+preformed+otq+reuse,300,dia,seven,sblgnt,0.6766666666666666,0.79,0.71,0.21666666666666667,0.39666666666666667,0.07666666666666666,0.11
impostores,char3:600,minmax,none,300,dia,seven,sblgnt,0.7833333333333333,0.7933333333333333,0.79,0.3433333333333333,0.47333333333333333,0.1,0.20333333333333334
impostores,closed:150,delta,formulae+preformed+otq+reuse,300,dia,seven,sblgnt,0.47333333333333333,0.3466666666666667,0.4,0.43,0.32666666666666666,0.32,0.2633333333333333
impostores,closed:150,delta,none,300,dia,seven,sblgnt,0.5433333333333333,0.46,0.41333333333333333,0.5333333333333333,0.39666666666666667,0.4033333333333333,0.43666666666666665
impostores,closed:150,minmax,formulae+preformed+otq+reuse,300,dia,seven,sblgnt,0.5166666666666667,0.4633333333333333,0.5166666666666667,0.5566666666666666,0.4633333333333333,0.4266666666666667,0.25
impostores,closed:150,minmax,none,300,dia,seven,sblgnt,0.6133333333333333,0.6033333333333334,0.5666666666666667,0.63,0.5333333333333333,0.4866666666666667,0.3333333333333333
impostores,lemma_dict:300,delta,formulae+preformed+otq+reuse,300,dia,seven,sblgnt,0.77,0.7533333333333333,0.8,0.7066666666666667,0.6666666666666666,0.56,0.45666666666666667
impostores,lemma_dict:300,delta,none,300,dia,seven,sblgnt,0.8033333333333333,0.7933333333333333,0.82,0.7633333333333333,0.79,0.7133333333333334,0.54
impostores,lemma_dict:300,minmax,formulae+preformed+otq+reuse,300,dia,seven,sblgnt,0.72,0.6333333333333333,0.7366666666666667,0.71,0.63,0.55,0.43333333333333335
impostores,lemma_dict:300,minmax,none,300,dia,seven,sblgnt,0.6466666666666666,0.64,0.7833333333333333,0.8066666666666666,0.7033333333333334,0.7233333333333334,0.4266666666666667
impostores,mfw:300,delta,formulae+preformed+otq+reuse,300,dia,seven,sblgnt,0.8366666666666667,0.7733333333333333,0.8033333333333333,0.77,0.7233333333333334,0.7566666666666667,0.62
impostores,mfw:300,delta,none,300,dia,seven,sblgnt,0.8033333333333333,0.7466666666666667,0.8133333333333334,0.7966666666666666,0.8133333333333334,0.8533333333333334,0.63
impostores,mfw:300,minmax,formulae+preformed+otq+reuse,300,dia,seven,sblgnt,0.7033333333333334,0.6933333333333334,0.7233333333333334,0.7866666666666666,0.7633333333333333,0.7,0.54
impostores,mfw:300,minmax,none,300,dia,seven,sblgnt,0.7766666666666666,0.73,0.7833333333333333,0.8533333333333334,0.8,0.8133333333333334,0.55
