id,author_out,percentile_without
IgnEf,Alcifrón,0.07135016465422613
IgnEf,Arriano,0.06703296703296703
IgnEf,Basilio de Cesarea,0.07026348808030113
IgnEf,Clemente de Alejandría,0.07472527472527472
IgnEf,Eliano,0.0753045404208195
IgnEf,Elio Aristides,0.07538802660753881
IgnEf,Epicteto(ap. Arriano),0.07447973713033954
IgnEf,Filón,0.08531994981179424
IgnEf,Ignacio,0.06696428571428571
IgnEf,Isócrates,0.05811138014527845
IgnEf,Josefo,0.08406524466750313
IgnEf,Juliano,0.08281053952321205
IgnEf,Justino,0.08133971291866028
IgnEf,Libanio,0.06649937264742785
IgnEf,Lucas(anon),0.07423580786026202
IgnEf,Luciano,0.07497243660418963
IgnEf,Orígenes,0.07666290868094701
IgnEf,Plutarco,0.07589285714285714
IgnEf,Porfirio,0.07488986784140969
IgnMagn,Alcifrón,0.0570801317233809
IgnMagn,Arriano,0.05274725274725275
IgnMagn,Basilio de Cesarea,0.056461731493099125
IgnMagn,Clemente de Alejandría,0.06043956043956044
IgnMagn,Eliano,0.06090808416389812
IgnMagn,Elio Aristides,0.06097560975609756
IgnMagn,Epicteto(ap. Arriano),0.060240963855421686
IgnMagn,Filón,0.06900878293601004
IgnMagn,Ignacio,0.052455357142857144
IgnMagn,Isócrates,0.04963680387409201
IgnMagn,Josefo,0.06900878293601004
IgnMagn,Juliano,0.06775407779171895
IgnMagn,Justino,0.06578947368421052
IgnMagn,Libanio,0.053952321204516936
IgnMagn,Lucas(anon),0.060043668122270744
IgnMagn,Luciano,0.06063947078280044
IgnMagn,Orígenes,0.06200676437429538
IgnMagn,Plutarco,0.06138392857142857
IgnMagn,Porfirio,0.0605726872246696
IgnTral,Alcifrón,0.048298572996706916
IgnTral,Arriano,0.045054945054945054
IgnTral,Basilio de Cesarea,0.04893350062735257
IgnTral,Clemente de Alejandría,0.051648351648351645
IgnTral,Eliano,0.05204872646733112
IgnTral,Elio Aristides,0.052106430155210645
IgnTral,Epicteto(ap. Arriano),0.05147864184008762
IgnTral,Filón,0.05897114178168131
IgnTral,Ignacio,0.044642857142857144
IgnTral,Isócrates,0.04116222760290557
IgnTral,Josefo,0.05897114178168131
IgnTral,Juliano,0.05897114178168131
IgnTral,Justino,0.056220095693779906
IgnTral,Libanio,0.04642409033877039
IgnTral,Lucas(anon),0.05131004366812227
IgnTral,Luciano,0.05181918412348401
IgnTral,Orígenes,0.05298759864712514
IgnTral,Plutarco,0.052455357142857144
IgnTral,Porfirio,0.051762114537444934
IgnRom,Alcifrón,0.49286498353457736
IgnRom,Arriano,0.49230769230769234
IgnRom,Basilio de Cesarea,0.49560853199498117
IgnRom,Clemente de Alejandría,0.5
IgnRom,Eliano,0.49058693244739754
IgnRom,Elio Aristides,0.5033259423503326
IgnRom,Epicteto(ap. Arriano),0.49835706462212487
IgnRom,Filón,0.5420326223337516
IgnRom,Ignacio,0.48549107142857145
IgnRom,Isócrates,0.4539951573849879
IgnRom,Josefo,0.46925972396486826
IgnRom,Juliano,0.5094102885821832
IgnRom,Justino,0.5155502392344498
IgnRom,Libanio,0.5018820577164367
IgnRom,Lucas(anon),0.49563318777292575
IgnRom,Luciano,0.4994487320837927
IgnRom,Orígenes,0.4983089064261556
IgnRom,Plutarco,0.48549107142857145
IgnRom,Porfirio,0.5
IgnFil,Alcifrón,0.04171240395170143
IgnFil,Arriano,0.04065934065934066
IgnFil,Basilio de Cesarea,0.04265997490589712
IgnFil,Clemente de Alejandría,0.045054945054945054
IgnFil,Eliano,0.04540420819490587
IgnFil,Elio Aristides,0.045454545454545456
IgnFil,Epicteto(ap. Arriano),0.044906900328587074
IgnFil,Filón,0.05144291091593475
IgnFil,Ignacio,0.03794642857142857
IgnFil,Isócrates,0.03631961259079903
IgnFil,Josefo,0.05144291091593475
IgnFil,Juliano,0.05144291091593475
IgnFil,Justino,0.04904306220095694
IgnFil,Libanio,0.04015056461731493
IgnFil,Lucas(anon),0.04475982532751092
IgnFil,Luciano,0.04520396912899669
IgnFil,Orígenes,0.046223224351747465
IgnFil,Plutarco,0.04575892857142857
IgnFil,Porfirio,0.04515418502202643
IgnEsm,Alcifrón,0.12623490669593854
IgnEsm,Arriano,0.12307692307692308
IgnEsm,Basilio de Cesarea,0.12170639899623588
IgnEsm,Clemente de Alejandría,0.13076923076923078
IgnEsm,Eliano,0.13067552602436322
IgnEsm,Elio Aristides,0.1319290465631929
IgnEsm,Epicteto(ap. Arriano),0.1303395399780942
IgnEsm,Filón,0.1493099121706399
IgnEsm,Ignacio,0.12165178571428571
IgnEsm,Isócrates,0.1016949152542373
IgnEsm,Josefo,0.13927227101631118
IgnEsm,Juliano,0.14178168130489335
IgnEsm,Justino,0.14114832535885166
IgnEsm,Libanio,0.12421580928481807
IgnEsm,Lucas(anon),0.1299126637554585
IgnEsm,Luciano,0.13120176405733186
IgnEsm,Orígenes,0.13416009019165728
IgnEsm,Plutarco,0.12723214285714285
IgnEsm,Porfirio,0.13105726872246695
IgnPol,Alcifrón,0.21953896816684962
IgnPol,Arriano,0.21868131868131868
IgnPol,Basilio de Cesarea,0.2233375156838143
IgnPol,Clemente de Alejandría,0.22637362637362637
IgnPol,Eliano,0.22591362126245848
IgnPol,Elio Aristides,0.22727272727272727
IgnPol,Epicteto(ap. Arriano),0.22562979189485213
IgnPol,Filón,0.2547051442910916
IgnPol,Ignacio,0.21316964285714285
IgnPol,Isócrates,0.18280871670702178
IgnPol,Josefo,0.2233375156838143
IgnPol,Juliano,0.2383939774153074
IgnPol,Justino,0.24162679425837322
IgnPol,Libanio,0.22082810539523212
IgnPol,Lucas(anon),0.22489082969432314
IgnPol,Luciano,0.22712238147739802
IgnPol,Orígenes,0.23111612175873733
IgnPol,Plutarco,0.21875
IgnPol,Porfirio,0.22687224669603523
IgnLong#1,Alcifrón,0.5422612513721186
IgnLong#1,Arriano,0.5417582417582417
IgnLong#1,Basilio de Cesarea,0.5445420326223338
IgnLong#1,Clemente de Alejandría,0.5494505494505495
IgnLong#1,Eliano,0.540420819490587
IgnLong#1,Elio Aristides,0.5532150776053215
IgnLong#1,Epicteto(ap. Arriano),0.547645125958379
IgnLong#1,Filón,0.5859473023839398
IgnLong#1,Ignacio,0.5357142857142857
IgnLong#1,Isócrates,0.5072639225181598
IgnLong#1,Josefo,0.5131744040150564
IgnLong#1,Juliano,0.5583437892095358
IgnLong#1,Justino,0.5669856459330144
IgnLong#1,Libanio,0.5520702634880803
IgnLong#1,Lucas(anon),0.5447598253275109
IgnLong#1,Luciano,0.5479603087100331
IgnLong#1,Orígenes,0.5467869222096956
IgnLong#1,Plutarco,0.5345982142857143
IgnLong#1,Porfirio,0.5484581497797357
IgnLong#4,Alcifrón,0.9121844127332601
IgnLong#4,Arriano,0.9120879120879121
IgnLong#4,Basilio de Cesarea,0.917189460476788
IgnLong#4,Clemente de Alejandría,0.9120879120879121
IgnLong#4,Eliano,0.9114064230343301
IgnLong#4,Elio Aristides,0.9113082039911308
IgnLong#4,Epicteto(ap. Arriano),0.9134720700985761
IgnLong#4,Filón,0.9058971141781681
IgnLong#4,Ignacio,0.9107142857142857
IgnLong#4,Isócrates,0.9031476997578692
IgnLong#4,Josefo,0.8996235884567126
IgnLong#4,Juliano,0.917189460476788
IgnLong#4,Justino,0.9234449760765551
IgnLong#4,Libanio,0.9372647427854455
IgnLong#4,Lucas(anon),0.9126637554585153
IgnLong#4,Luciano,0.9117971334068358
IgnLong#4,Orígenes,0.9098083427282976
IgnLong#4,Plutarco,0.9107142857142857
IgnLong#4,Porfirio,0.9118942731277533
IgnLong#5,Alcifrón,0.7969264544456641
IgnLong#5,Arriano,0.7967032967032966
IgnLong#5,Basilio de Cesarea,0.8067754077791719
IgnLong#5,Clemente de Alejandría,0.798901098901099
IgnLong#5,Eliano,0.7951273532668881
IgnLong#5,Elio Aristides,0.8015521064301552
IgnLong#5,Epicteto(ap. Arriano),0.8017524644030668
IgnLong#5,Filón,0.8005018820577164
IgnLong#5,Ignacio,0.7935267857142857
IgnLong#5,Isócrates,0.7796610169491526
IgnLong#5,Josefo,0.7691342534504392
IgnLong#5,Juliano,0.8117942283563363
IgnLong#5,Justino,0.8157894736842105
IgnLong#5,Libanio,0.820577164366374
IgnLong#5,Lucas(anon),0.7980349344978166
IgnLong#5,Luciano,0.7982359426681367
IgnLong#5,Orígenes,0.7925591882750845
IgnLong#5,Plutarco,0.7935267857142857
IgnLong#5,Porfirio,0.7973568281938326
IgnLong#9,Alcifrón,0.4127332601536773
IgnLong#9,Arriano,0.41208791208791207
IgnLong#9,Basilio de Cesarea,0.41656210790464243
IgnLong#9,Clemente de Alejandría,0.4197802197802198
IgnLong#9,Eliano,0.4119601328903654
IgnLong#9,Elio Aristides,0.4223946784922395
IgnLong#9,Epicteto(ap. Arriano),0.4184008762322015
IgnLong#9,Filón,0.465495608531995
IgnLong#9,Ignacio,0.40736607142857145
IgnLong#9,Isócrates,0.3728813559322034
IgnLong#9,Josefo,0.39021329987452946
IgnLong#9,Juliano,0.42785445420326224
IgnLong#9,Justino,0.43779904306220097
IgnLong#9,Libanio,0.4203262233375157
IgnLong#9,Lucas(anon),0.41593886462882096
IgnLong#9,Luciano,0.42006615214994486
IgnLong#9,Orígenes,0.4182638105975197
IgnLong#9,Plutarco,0.40625
IgnLong#9,Porfirio,0.42070484581497797
IgnLong#10,Alcifrón,0.25686059275521406
IgnLong#10,Arriano,0.256043956043956
IgnLong#10,Basilio de Cesarea,0.2584692597239649
IgnLong#10,Clemente de Alejandría,0.26373626373626374
IgnLong#10,Eliano,0.26356589147286824
IgnLong#10,Elio Aristides,0.26496674057649666
IgnLong#10,Epicteto(ap. Arriano),0.2628696604600219
IgnLong#10,Filón,0.2973651191969887
IgnLong#10,Ignacio,0.25
IgnLong#10,Isócrates,0.2179176755447942
IgnLong#10,Josefo,0.2547051442910916
IgnLong#10,Juliano,0.27603513174404015
IgnLong#10,Justino,0.2822966507177033
IgnLong#10,Libanio,0.2584692597239649
IgnLong#10,Lucas(anon),0.2609170305676856
IgnLong#10,Luciano,0.26460859977949286
IgnLong#10,Orígenes,0.26944757609921083
IgnLong#10,Plutarco,0.25223214285714285
IgnLong#10,Porfirio,0.2643171806167401
IgnLong#13,Alcifrón,0.2854006586169045
IgnLong#13,Arriano,0.2846153846153846
IgnLong#13,Basilio de Cesarea,0.2860727728983689
IgnLong#13,Clemente de Alejandría,0.2923076923076923
IgnLong#13,Eliano,0.2901439645625692
IgnLong#13,Elio Aristides,0.29379157427937913
IgnLong#13,Epicteto(ap. Arriano),0.2913472070098576
IgnLong#13,Filón,0.328732747804266
IgnLong#13,Ignacio,0.27901785714285715
IgnLong#13,Isócrates,0.24334140435835352
IgnLong#13,Josefo,0.2797992471769134
IgnLong#13,Juliano,0.30614805520702637
IgnLong#13,Justino,0.3133971291866029
IgnLong#13,Libanio,0.2860727728983689
IgnLong#13,Lucas(anon),0.2893013100436681
IgnLong#13,Luciano,0.2932745314222712
IgnLong#13,Orígenes,0.2976324689966178
IgnLong#13,Plutarco,0.28013392857142855
IgnLong#13,Porfirio,0.29295154185022027
IgnLong#2,Alcifrón,0.40175631174533477
IgnLong#2,Arriano,0.4010989010989011
IgnLong#2,Basilio de Cesarea,0.40401505646173147
IgnLong#2,Clemente de Alejandría,0.4087912087912088
IgnLong#2,Eliano,0.4008859357696567
IgnLong#2,Elio Aristides,0.4113082039911308
IgnLong#2,Epicteto(ap. Arriano),0.40744797371303393
IgnLong#2,Filón,0.45545796737766625
IgnLong#2,Ignacio,0.39620535714285715
IgnLong#2,Isócrates,0.36077481840193704
IgnLong#2,Josefo,0.38143036386449186
IgnLong#2,Juliano,0.41656210790464243
IgnLong#2,Justino,0.4258373205741627
IgnLong#2,Libanio,0.411543287327478
IgnLong#2,Lucas(anon),0.40502183406113534
IgnLong#2,Luciano,0.40904079382579933
IgnLong#2,Orígenes,0.4081172491544532
IgnLong#2,Plutarco,0.3950892857142857
IgnLong#2,Porfirio,0.40969162995594716
IgnLong#11,Alcifrón,0.18990120746432493
IgnLong#11,Arriano,0.1879120879120879
IgnLong#11,Basilio de Cesarea,0.191969887076537
IgnLong#11,Clemente de Alejandría,0.1956043956043956
IgnLong#11,Eliano,0.19490586932447398
IgnLong#11,Elio Aristides,0.19623059866962306
IgnLong#11,Epicteto(ap. Arriano),0.1949616648411829
IgnLong#11,Filón,0.21957340025094102
IgnLong#11,Ignacio,0.18191964285714285
IgnLong#11,Isócrates,0.16101694915254236
IgnLong#11,Josefo,0.1932245922208281
IgnLong#11,Juliano,0.20702634880803011
IgnLong#11,Justino,0.21052631578947367
IgnLong#11,Libanio,0.18820577164366373
IgnLong#11,Lucas(anon),0.1943231441048035
IgnLong#11,Luciano,0.19625137816979052
IgnLong#11,Orígenes,0.20067643742953778
IgnLong#11,Plutarco,0.18973214285714285
IgnLong#11,Porfirio,0.1960352422907489
