family,target,kind,n_specs,log10lr_epistolar_mediana,verbal_epistolar,log10lr_principal_mediana,log10lr_cristiana_mediana,log10lr_cristiana_q1,log10lr_cristiana_q3,verbal_cristiana_mediana,log10lr_cj_mediana
impostores,IgnEf,core_loo,4,1.2558647838684687,apoyo moderado a H_mismo-autor,0.9714241148661774,0.8372351540203165,0.8265926492015788,0.8573418104252444,apoyo débil a H_mismo-autor,0.8915851235519711
impostores,IgnMagn,core_loo,4,1.2596182986963638,apoyo moderado a H_mismo-autor,0.9758184252832809,0.8414828618009242,0.8329401875935795,0.8660195083574095,apoyo débil a H_mismo-autor,0.90323288925381
impostores,IgnTral,core_loo,4,1.2596182986963638,apoyo moderado a H_mismo-autor,0.9758184252832809,0.8414828618009242,0.831658585563648,0.8654382874647532,apoyo débil a H_mismo-autor,0.9005866460052876
impostores,IgnRom,core_loo,4,1.2043951074803267,apoyo moderado a H_mismo-autor,0.9099689915356974,0.7843205468588342,0.7696432766787383,0.8041687553423051,apoyo débil a H_mismo-autor,0.8374325977363526
impostores,IgnFil,core_loo,4,1.258672452323422,apoyo moderado a H_mismo-autor,0.9747112465061004,0.8404152103376116,0.8295364615516819,0.8644180311624404,apoyo débil a H_mismo-autor,0.8951261104785074
impostores,IgnEsm,core_loo,4,1.2473979566769087,apoyo moderado a H_mismo-autor,0.9605494448528592,0.8286404005359072,0.7885003449447088,0.8379216693566629,apoyo débil a H_mismo-autor,0.8827615353826224
impostores,IgnPol,core_loo,4,1.2217838899909617,apoyo moderado a H_mismo-autor,0.9295178160381918,0.8042944939337,0.762824801314602,0.8213550895797803,apoyo débil a H_mismo-autor,0.8576097452572276
impostores,IgnLong#1,target,4,-1.1004068968129819,apoyo moderado a H_otro-autor,-0.5500073195814001,-0.4900058846187071,-0.5387836020149844,-0.4317564208039837,apoyo débil a H_otro-autor,-0.5076729383830575
impostores,IgnLong#4,target,4,0.4582082712494149,apoyo débil a H_mismo-autor,0.38769381111420287,0.21652117077376754,0.00335168798234467,0.4151475701925637,no discriminante,0.26099716069443646
impostores,IgnLong#5,target,4,-0.8203999637073169,apoyo débil a H_otro-autor,-0.35303473316760414,-0.3568427863529634,-0.4727574131536231,-0.25054224659444874,apoyo débil a H_otro-autor,-0.3639530374948862
impostores,IgnLong#9,target,4,1.0928937492670907,apoyo moderado a H_mismo-autor,0.7819831039843637,0.6664409479260678,0.5658953620233609,0.7108049087564411,apoyo débil a H_mismo-autor,0.7181234094065007
impostores,IgnLong#10,target,4,0.944011789328242,apoyo débil a H_mismo-autor,0.677593532604954,0.5473429620896352,0.2861720833645388,0.7186228526042672,apoyo débil a H_mismo-autor,0.5984437906760713
impostores,IgnLong#13,target,4,-1.0795123548809846,apoyo moderado a H_otro-autor,-0.5106221963749434,-0.456444037917788,-0.5637470206294671,-0.3479150985673003,apoyo débil a H_otro-autor,-0.4753867827527909
impostores,IgnLong#2,target,4,0.6860589991408985,apoyo débil a H_mismo-autor,0.4927983955863704,0.3217485790090101,0.1474805294918426,0.5086922374094346,apoyo débil a H_mismo-autor,0.37160885804830235
impostores,IgnLong#11,target,4,1.23365849978655,apoyo moderado a H_mismo-autor,0.9220057888962203,0.8139559123557086,0.777316928947615,0.8202572841347265,apoyo débil a H_mismo-autor,0.8666508526024055
dirichlet,IgnEf,core_loo,1,2.6209084967714276,apoyo fuerte a H_mismo-autor,2.4763180574628767,2.3004246067292713,2.3004246067292713,2.3004246067292713,apoyo fuerte a H_mismo-autor,2.3789062580910474
dirichlet,IgnMagn,core_loo,1,2.6209084967714276,apoyo fuerte a H_mismo-autor,2.4763180574628767,2.3004246067292713,2.3004246067292713,2.3004246067292713,apoyo fuerte a H_mismo-autor,2.3789062580910474
dirichlet,IgnTral,core_loo,1,2.6209084967714276,apoyo fuerte a H_mismo-autor,2.4763180574628767,2.3004246067292713,2.3004246067292713,2.3004246067292713,apoyo fuerte a H_mismo-autor,2.3789062580910474
dirichlet,IgnRom,core_loo,1,2.6209084967714276,apoyo fuerte a H_mismo-autor,2.4763180574628767,2.3004246067292713,2.3004246067292713,2.3004246067292713,apoyo fuerte a H_mismo-autor,2.3789062580910474
dirichlet,IgnFil,core_loo,1,2.6209084967714276,apoyo fuerte a H_mismo-autor,2.4763180574628767,2.3004246067292713,2.3004246067292713,2.3004246067292713,apoyo fuerte a H_mismo-autor,2.3789062580910474
dirichlet,IgnEsm,core_loo,1,2.6209084967714276,apoyo fuerte a H_mismo-autor,2.4763180574628767,2.3004246067292713,2.3004246067292713,2.3004246067292713,apoyo fuerte a H_mismo-autor,2.3789062580910474
dirichlet,IgnPol,core_loo,1,2.6209084967714276,apoyo fuerte a H_mismo-autor,2.4763180574628767,2.3004246067292713,2.3004246067292713,2.3004246067292713,apoyo fuerte a H_mismo-autor,2.3789062580910474
dirichlet,IgnLong#1,target,1,-0.9231899580609783,apoyo débil a H_otro-autor,-0.7632088150757348,-0.67323175943835,-0.67323175943835,-0.67323175943835,apoyo débil a H_otro-autor,-0.6900865402648408
dirichlet,IgnLong#4,target,1,-0.9231899580609783,apoyo débil a H_otro-autor,-0.7632088150757348,-0.67323175943835,-0.67323175943835,-0.67323175943835,apoyo débil a H_otro-autor,-0.6900865402648408
dirichlet,IgnLong#5,target,1,-0.9231899580609783,apoyo débil a H_otro-autor,-0.7632088150757348,-0.67323175943835,-0.67323175943835,-0.67323175943835,apoyo débil a H_otro-autor,-0.6900865402648408
dirichlet,IgnLong#9,target,1,0.5324534276878495,apoyo débil a H_mismo-autor,0.7188410439054699,0.34057754440969423,0.34057754440969423,0.34057754440969423,apoyo débil a H_mismo-autor,0.3993886544769141
dirichlet,IgnLong#10,target,1,-0.6946648275525158,apoyo débil a H_otro-autor,-0.5395505567719288,-0.532710027022605,-0.532710027022605,-0.532710027022605,apoyo débil a H_otro-autor,-0.5364526475811336
dirichlet,IgnLong#13,target,1,-0.9231899580609783,apoyo débil a H_otro-autor,-0.7632088150757348,-0.67323175943835,-0.67323175943835,-0.67323175943835,apoyo débil a H_otro-autor,-0.6900865402648408
dirichlet,IgnLong#2,target,1,-0.5351968767042647,apoyo débil a H_otro-autor,-0.37926402240871415,-0.4291849246799062,-0.4291849246799062,-0.4291849246799062,apoyo débil a H_otro-autor,-0.42396848810666765
dirichlet,IgnLong#11,target,1,2.4151171652159524,apoyo fuerte a H_mismo-autor,2.2929833416314005,2.082823062037167,2.082823062037167,2.082823062037167,apoyo fuerte a H_mismo-autor,2.158070241764328
