id,rank_nucleo,d_nucleo,autor_mas_proximo,d_mas_proximo,mejor_otro_autor,d_mejor_otro,margen_nucleo_menos_mejor_otro,margen_ic_inf,margen_ic_sup,margen_ic_incluye_0,n_autores,orden
IgnEf,1,0.6758065408697083,Ignacio (núcleo),0.6758065408697083,Alcifrón,0.8191875078265829,-0.14338096695687463,-0.15730762498156717,-0.13153568936938442,False,22,Ignacio (núcleo):0.6758 | Alcifrón:0.8192 | Justino:0.8264 | Lucas(anon):0.8315 | Orígenes:0.8412 | Clemente de Alejandría:0.8466 | Basilio de Cesarea:0.8467 | Teófilo de Antioquía:0.8556
IgnMagn,1,0.6746033240861244,Ignacio (núcleo),0.6746033240861244,Alcifrón,0.8169667937678277,-0.14236346968170321,-0.16212576543436433,-0.1240816514222054,False,22,Ignacio (núcleo):0.6746 | Alcifrón:0.8170 | Justino:0.8384 | Orígenes:0.8407 | Basilio de Cesarea:0.8428 | Lucas(anon):0.8478 | Filón:0.8644 | Teófilo de Antioquía:0.8649
IgnTral,1,0.6631507238868475,Ignacio (núcleo),0.6631507238868475,Alcifrón,0.7681729841677131,-0.10502226028086559,-0.11502214730914184,-0.09577686576662203,False,22,Ignacio (núcleo):0.6632 | Alcifrón:0.7682 | Plutarco:0.8139 | Eliano:0.8142 | Justino:0.8160 | Basilio de Cesarea:0.8169 | Orígenes:0.8186 | Clemente de Alejandría:0.8259
IgnRom,1,0.7512251932640959,Ignacio (núcleo),0.7512251932640959,Alcifrón,0.8684288892579695,-0.11720369599387359,-0.12958848345684285,-0.10620526943756566,False,22,Ignacio (núcleo):0.7512 | Alcifrón:0.8684 | Orígenes:0.8842 | Basilio de Cesarea:0.8898 | Justino:0.8943 | Plutarco:0.8951 | Filón:0.9032 | Porfirio:0.9077
IgnFil,1,0.6619486224893198,Ignacio (núcleo),0.6619486224893198,Alcifrón,0.8022967319123209,-0.14034810942300102,-0.1525409446437107,-0.12867958359838025,False,22,Ignacio (núcleo):0.6619 | Alcifrón:0.8023 | Orígenes:0.8036 | Justino:0.8083 | Lucas(anon):0.8084 | Basilio de Cesarea:0.8195 | Teófilo de Antioquía:0.8234 | Clemente de Alejandría:0.8244
IgnEsm,1,0.6913329882862302,Ignacio (núcleo),0.6913329882862302,Alcifrón,0.779249351816931,-0.08791636353070076,-0.10427319540454164,-0.06999525161036642,False,22,Ignacio (núcleo):0.6913 | Alcifrón:0.7792 | Orígenes:0.8153 | Lucas(anon):0.8196 | Josefo:0.8210 | Basilio de Cesarea:0.8240 | Justino:0.8256 | Plutarco:0.8291
IgnPol,1,0.7241044062971126,Ignacio (núcleo),0.7241044062971126,Alcifrón,0.8114716750143334,-0.08736726871722078,-0.09797405088076307,-0.07620286685106528,False,22,Ignacio (núcleo):0.7241 | Alcifrón:0.8115 | Basilio de Cesarea:0.8253 | Justino:0.8318 | Orígenes:0.8369 | Porfirio:0.8387 | Plutarco:0.8452 | Josefo:0.8469
IgnLong#1,5,0.7746598077350135,Alcifrón,0.7316442716040681,Alcifrón,0.7316442716040681,0.04301553613094544,0.033443918798190066,0.05275920489025478,False,22,Alcifrón:0.7316 | Basilio de Cesarea:0.7595 | Arriano:0.7656 | Plutarco:0.7733 | Ignacio (núcleo):0.7747 | Porfirio:0.7810 | Josefo:0.7828 | Clemente de Alejandría:0.7846
IgnLong#4,1,0.8624661305433869,Ignacio (núcleo),0.8624661305433869,Alcifrón,0.8627670947626445,-0.0003009642192575157,-0.010039525769745383,0.014663395273066758,True,22,Ignacio (núcleo):0.8625 | Alcifrón:0.8628 | Lucas(anon):0.8637 | Justino:0.8663 | Clemente de Alejandría:0.8788 | Teófilo de Antioquía:0.8948 | Eliano:0.8988 | Orígenes:0.9012
IgnLong#5,3,0.8138989107169566,Alcifrón,0.7899545488362045,Alcifrón,0.7899545488362045,0.023944361880752107,0.0018381157120480193,0.04388187782578214,False,22,Alcifrón:0.7900 | Lucas(anon):0.8053 | Ignacio (núcleo):0.8139 | Justino:0.8159 | Clemente de Alejandría:0.8194 | Filón:0.8265 | Orígenes:0.8305 | Basilio de Cesarea:0.8312
IgnLong#9,1,0.7618419909806977,Ignacio (núcleo),0.7618419909806977,Alcifrón,0.8157402390481104,-0.053898248067412724,-0.07139254927794934,-0.03949311291078434,False,22,Ignacio (núcleo):0.7618 | Alcifrón:0.8157 | Lucas(anon):0.8196 | Justino:0.8244 | Orígenes:0.8376 | Clemente de Alejandría:0.8431 | Plutarco:0.8466 | Arriano:0.8526
IgnLong#10,1,0.7256246835049401,Ignacio (núcleo),0.7256246835049401,Alcifrón,0.7561847879631504,-0.030560104458210224,-0.03911622058170641,-0.02044015596698202,False,22,Ignacio (núcleo):0.7256 | Alcifrón:0.7562 | Clemente de Alejandría:0.7830 | Justino:0.7876 | Orígenes:0.7932 | Basilio de Cesarea:0.7933 | Lucas(anon):0.7994 | Porfirio:0.8155
IgnLong#13,5,0.7348018534125633,Alcifrón,0.7173709969617089,Alcifrón,0.7173709969617089,0.017430856450854404,0.006378841252026604,0.025957978440537353,False,22,Alcifrón:0.7174 | Arriano:0.7198 | Orígenes:0.7295 | Josefo:0.7309 | Ignacio (núcleo):0.7348 | Justino:0.7381 | Basilio de Cesarea:0.7508 | Eliano:0.7529
IgnLong#2,1,0.7598459221387166,Ignacio (núcleo),0.7598459221387166,Alcifrón,0.7609844362836843,-0.0011385141449676839,-0.02189433375913204,0.014610924598149475,True,22,Ignacio (núcleo):0.7598 | Alcifrón:0.7610 | Clemente de Alejandría:0.7990 | Lucas(anon):0.8029 | Orígenes:0.8046 | Justino:0.8056 | Plutarco:0.8061 | Basilio de Cesarea:0.8141
IgnLong#11,1,0.7221427950856419,Ignacio (núcleo),0.7221427950856419,Alcifrón,0.7983072273211113,-0.07616443223546931,-0.09531420976131091,-0.05619774640870783,False,22,Ignacio (núcleo):0.7221 | Alcifrón:0.7983 | Clemente de Alejandría:0.8078 | Justino:0.8112 | Lucas(anon):0.8151 | Orígenes:0.8190 | Basilio de Cesarea:0.8317 | Eliano:0.8421
