author,a,b,distance
Basilio de Cesarea,Bas_Ep#1,Bas_Adol,0.607753684846095
Basilio de Cesarea,Bas_Ep#2,Bas_Adol,0.6302502952708425
Basilio de Cesarea,Bas_Ep#9,Bas_Adol,0.6068448607819892
Basilio de Cesarea,Bas_Ep#14,Bas_Adol,0.6132679200109263
Basilio de Cesarea,Bas_Ep#18,Bas_Adol,0.7204255675000033
Basilio de Cesarea,Bas_Ep#20,Bas_Adol,0.6429627261609814
Basilio de Cesarea,Bas_Ep#22,Bas_Adol,0.706642994994362
Basilio de Cesarea,Bas_Ep#23,Bas_Adol,0.6990908305314376
Basilio de Cesarea,Bas_Ep#24,Bas_Adol,0.6213674096759878
Basilio de Cesarea,Bas_Ep#25,Bas_Adol,0.6073066841221064
Basilio de Cesarea,Bas_Ep#26,Bas_Adol,0.6466193155225327
Basilio de Cesarea,Bas_Ep#30,Bas_Adol,0.691063561239833
Basilio de Cesarea,Bas_Ep#32,Bas_Adol,0.6354756804023542
Basilio de Cesarea,Bas_Ep#34,Bas_Adol,0.6586481468089423
Basilio de Cesarea,Bas_Ep#51,Bas_Adol,0.6188453010578167
Basilio de Cesarea,Bas_Ep#53,Bas_Adol,0.6580173035994772
Basilio de Cesarea,Bas_Ep#54,Bas_Adol,0.6602168530729099
Basilio de Cesarea,Bas_Ep#56,Bas_Adol,0.6612576565804921
Basilio de Cesarea,Bas_Ep#57,Bas_Adol,0.6963899077858599
Basilio de Cesarea,Bas_Ep#58,Bas_Adol,0.6716450258940284
Basilio de Cesarea,Bas_Ep#59,Bas_Adol,0.6058380933314862
Basilio de Cesarea,Bas_Ep#60,Bas_Adol,0.6507800684389058
Basilio de Cesarea,Bas_Ep#63,Bas_Adol,0.6993451159227271
Basilio de Cesarea,Bas_Ep#65,Bas_Adol,0.6520253494571638
Basilio de Cesarea,Bas_Ep#68,Bas_Adol,0.6660403752221382
Basilio de Cesarea,Bas_Ep#70,Bas_Adol,0.6328931445607477
Basilio de Cesarea,Bas_Ep#71,Bas_Adol,0.6176344337791047
Basilio de Cesarea,Bas_Ep#74,Bas_Adol,0.5853200625824245
Basilio de Cesarea,Bas_Ep#75,Bas_Adol,0.6965657052391722
Basilio de Cesarea,Bas_Ep#76,Bas_Adol,0.6967233955237695
Basilio de Cesarea,Bas_Ep#82,Bas_Adol,0.6530966288058637
Basilio de Cesarea,Bas_Ep#85,Bas_Adol,0.7157882796534984
Basilio de Cesarea,Bas_Ep#89,Bas_Adol,0.6804141766716623
Basilio de Cesarea,Bas_Ep#90,Bas_Adol,0.6457337410279086
Basilio de Cesarea,Bas_Ep#91,Bas_Adol,0.7102721750377952
Basilio de Cesarea,Bas_Ep#92,Bas_Adol,0.6411353570189269
Basilio de Cesarea,Bas_Ep#94,Bas_Adol,0.5825365025722198
Basilio de Cesarea,Bas_Ep#95,Bas_Adol,0.6830450983832111
Basilio de Cesarea,Bas_Ep#96,Bas_Adol,0.6355737435851164
Basilio de Cesarea,Bas_Ep#97,Bas_Adol,0.6449728947451012
Basilio de Cesarea,Bas_Ep#98,Bas_Adol,0.6475675864821776
Basilio de Cesarea,Bas_Ep#99,Bas_Adol,0.6477875990134087
Basilio de Cesarea,Bas_Ep#100,Bas_Adol,0.7034390505687376
Basilio de Cesarea,Bas_Ep#101,Bas_Adol,0.6516404314948951
Basilio de Cesarea,Bas_Ep#102,Bas_Adol,0.6719118625841649
Basilio de Cesarea,Bas_Ep#104,Bas_Adol,0.69782710617621
Basilio de Cesarea,Bas_Ep#105,Bas_Adol,0.6758776867877255
Basilio de Cesarea,Bas_Ep#108,Bas_Adol,0.7050130661814485
Basilio de Cesarea,Bas_Ep#109,Bas_Adol,0.7157317330645416
Basilio de Cesarea,Bas_Ep#112,Bas_Adol,0.6122260133477939
Basilio de Cesarea,Bas_Ep#114,Bas_Adol,0.6471253476186493
Basilio de Cesarea,Bas_Ep#116,Bas_Adol,0.6457977949469335
Basilio de Cesarea,Bas_Ep#117,Bas_Adol,0.6927829461337642
Basilio de Cesarea,Bas_Ep#119,Bas_Adol,0.6600527183803997
Basilio de Cesarea,Bas_Ep#122,Bas_Adol,0.7261882491553343
Basilio de Cesarea,Bas_Ep#124,Bas_Adol,0.7086921272769888
Basilio de Cesarea,Bas_Ep#128,Bas_Adol,0.611253455769156
Basilio de Cesarea,Bas_Ep#129,Bas_Adol,0.6072865352899373
Basilio de Cesarea,Bas_Ep#131,Bas_Adol,0.6300436685925761
Basilio de Cesarea,Bas_Ep#135,Bas_Adol,0.6042900928173159
Basilio de Cesarea,Bas_Ep#138,Bas_Adol,0.6534264466602407
Basilio de Cesarea,Bas_Ep#139,Bas_Adol,0.6163783529854175
Basilio de Cesarea,Bas_Ep#141,Bas_Adol,0.6517780590873982
Basilio de Cesarea,Bas_Ep#148,Bas_Adol,0.6612920795455706
Basilio de Cesarea,Bas_Ep#150,Bas_Adol,0.6407486732325358
Basilio de Cesarea,Bas_Ep#151,Bas_Adol,0.6753303867441691
Basilio de Cesarea,Bas_Ep#155,Bas_Adol,0.6535147260824171
Basilio de Cesarea,Bas_Ep#156,Bas_Adol,0.5876919073173713
Basilio de Cesarea,Bas_Ep#160,Bas_Adol,0.6235887205319748
Basilio de Cesarea,Bas_Ep#161,Bas_Adol,0.6337711728845506
Basilio de Cesarea,Bas_Ep#164,Bas_Adol,0.6554168384153385
Basilio de Cesarea,Bas_Ep#172,Bas_Adol,0.6767269613193647
Basilio de Cesarea,Bas_Ep#173,Bas_Adol,0.6706708907422904
Basilio de Cesarea,Bas_Ep#174,Bas_Adol,0.6404867865151218
Basilio de Cesarea,Bas_Ep#190,Bas_Adol,0.6163756261541582
Basilio de Cesarea,Bas_Ep#191,Bas_Adol,0.6575324996589071
Basilio de Cesarea,Bas_Ep#198,Bas_Adol,0.6558828109344079
Basilio de Cesarea,Bas_Ep#199,Bas_Adol,0.6479216603120135
Basilio de Cesarea,Bas_Ep#200,Bas_Adol,0.6501920626978108
Basilio de Cesarea,Bas_Ep#203,Bas_Adol,0.6119211754340341
Basilio de Cesarea,Bas_Ep#204,Bas_Adol,0.6080825978773406
Basilio de Cesarea,Bas_Ep#205,Bas_Adol,0.715242701381282
Basilio de Cesarea,Bas_Ep#207,Bas_Adol,0.6296290676525156
Basilio de Cesarea,Bas_Ep#210,Bas_Adol,0.62888105300769
Basilio de Cesarea,Bas_Ep#213,Bas_Adol,0.6675707927645507
Basilio de Cesarea,Bas_Ep#217,Bas_Adol,0.6679121621682209
Basilio de Cesarea,Bas_Ep#219,Bas_Adol,0.6453981558664281
Basilio de Cesarea,Bas_Ep#220,Bas_Adol,0.6781994282228929
Basilio de Cesarea,Bas_Ep#223,Bas_Adol,0.6522269226869709
Basilio de Cesarea,Bas_Ep#224,Bas_Adol,0.6185400847635245
Basilio de Cesarea,Bas_Ep#225,Bas_Adol,0.6623044225288317
Basilio de Cesarea,Bas_Ep#226,Bas_Adol,0.6659670665117472
Basilio de Cesarea,Bas_Ep#227,Bas_Adol,0.6252385304036971
Basilio de Cesarea,Bas_Ep#229,Bas_Adol,0.6629089639987906
Basilio de Cesarea,Bas_Ep#234,Bas_Adol,0.6885539075062898
Basilio de Cesarea,Bas_Ep#235,Bas_Adol,0.6637807984300016
Basilio de Cesarea,Bas_Ep#237,Bas_Adol,0.649467893049154
Basilio de Cesarea,Bas_Ep#239,Bas_Adol,0.654279829938176
Basilio de Cesarea,Bas_Ep#242,Bas_Adol,0.6355590844786431
Basilio de Cesarea,Bas_Ep#243,Bas_Adol,0.6525903509921596
Basilio de Cesarea,Bas_Ep#245,Bas_Adol,0.7208389424977275
Basilio de Cesarea,Bas_Ep#248,Bas_Adol,0.7008066312776815
Basilio de Cesarea,Bas_Ep#250,Bas_Adol,0.6491675611063079
Basilio de Cesarea,Bas_Ep#251,Bas_Adol,0.6530672425626773
Basilio de Cesarea,Bas_Ep#256,Bas_Adol,0.673652967138431
Basilio de Cesarea,Bas_Ep#258,Bas_Adol,0.6206747091161875
Basilio de Cesarea,Bas_Ep#262,Bas_Adol,0.6686403061091171
Basilio de Cesarea,Bas_Ep#265,Bas_Adol,0.6128344948269444
Basilio de Cesarea,Bas_Ep#266,Bas_Adol,0.6017490044439344
Basilio de Cesarea,Bas_Ep#269,Bas_Adol,0.6302205318674889
Basilio de Cesarea,Bas_Ep#271,Bas_Adol,0.6428884070761303
Basilio de Cesarea,Bas_Ep#272,Bas_Adol,0.5999461695691928
Basilio de Cesarea,Bas_Ep#276,Bas_Adol,0.6495072767169653
Basilio de Cesarea,Bas_Ep#277,Bas_Adol,0.648004804159098
Basilio de Cesarea,Bas_Ep#289,Bas_Adol,0.6257496564550249
Basilio de Cesarea,Bas_Ep#291,Bas_Adol,0.6329465524970301
Basilio de Cesarea,Bas_Ep#293,Bas_Adol,0.6514729518350721
Basilio de Cesarea,Bas_Ep#294,Bas_Adol,0.676832191391614
Basilio de Cesarea,Bas_Ep#295,Bas_Adol,0.6904145542630895
Basilio de Cesarea,Bas_Ep#302,Bas_Adol,0.6589915550306046
Clemente de Alejandría,ClemAl_Protr,ClemAl_Paed#1,0.6382120138223495
Clemente de Alejandría,ClemAl_Protr,ClemAl_Paed#2,0.6250176685936527
Clemente de Alejandría,ClemAl_Protr,ClemAl_Paed#3,0.6283313998404026
Clemente de Alejandría,ClemAl_Protr,ClemAl_QDS,0.6324601403011678
Clemente de Alejandría,ClemAl_Paed#1,ClemAl_QDS,0.6458002845561545
Clemente de Alejandría,ClemAl_Paed#2,ClemAl_QDS,0.6295445237829146
Clemente de Alejandría,ClemAl_Paed#3,ClemAl_QDS,0.6184145744973322
Eliano,Ael_EpRust,Ael_VH#1,0.621717123438909
Eliano,Ael_EpRust,Ael_VH#2,0.6292577771011058
Eliano,Ael_EpRust,Ael_VH#3,0.6275163582772031
Eliano,Ael_EpRust,Ael_VH#4,0.6209154354132291
Eliano,Ael_EpRust,Ael_VH#5,0.638145414096225
Eliano,Ael_EpRust,Ael_VH#6,0.6227672251824414
Eliano,Ael_EpRust,Ael_VH#7,0.6103676546983384
Eliano,Ael_EpRust,Ael_VH#8,0.6328453541973804
Eliano,Ael_EpRust,Ael_VH#9,0.6280450563908917
Eliano,Ael_EpRust,Ael_VH#10,0.6514052797279225
Eliano,Ael_EpRust,Ael_VH#11,0.6757001276890299
Eliano,Ael_EpRust,Ael_VH#12,0.6199011610005375
Eliano,Ael_EpRust,Ael_VH#13,0.6288616652131968
Eliano,Ael_EpRust,Ael_VH#14,0.6227625234973131
Epicteto(ap. Arriano),Epict_Diss#1,Epict_Ench,0.6471012219891812
Epicteto(ap. Arriano),Epict_Diss#2,Epict_Ench,0.6532614024071047
Epicteto(ap. Arriano),Epict_Diss#3,Epict_Ench,0.6554514451216792
Epicteto(ap. Arriano),Epict_Diss#4,Epict_Ench,0.6417689483379682
Filón,Phil_Opif,Phil_Legat,0.6294564457887006
Filón,Phil_Opif,Phil_Flacc,0.6157179305800083
Filón,Phil_Legat,Phil_LegAll#1,0.6665177449193157
Filón,Phil_Legat,Phil_LegAll#2,0.6344823803298922
Filón,Phil_Legat,Phil_LegAll#3,0.6445078148931186
Filón,Phil_Legat,Phil_Cher,0.6226759996983533
Filón,Phil_Legat,Phil_Sacr,0.6288730737172906
Filón,Phil_Legat,Phil_Det,0.6364681550358071
Filón,Phil_Legat,Phil_Post,0.6125819903010226
Filón,Phil_Legat,Phil_Gig,0.6251862378199369
Filón,Phil_Legat,Phil_Immut,0.6205643809235081
Filón,Phil_Legat,Phil_Agr,0.6247678235314983
Filón,Phil_Legat,Phil_Plant,0.6214981768604894
Filón,Phil_Legat,Phil_Ebr,0.6073415461928895
Filón,Phil_Legat,Phil_Sobr,0.6353014959584764
Filón,Phil_Legat,Phil_Conf,0.6078568744218475
Filón,Phil_Legat,Phil_Migr,0.6273948571334322
Filón,Phil_Legat,Phil_Her,0.6204741459623861
Filón,Phil_Legat,Phil_Congr,0.6175020993125611
Filón,Phil_Legat,Phil_Fug,0.6315148434584729
Filón,Phil_Legat,Phil_Mut,0.6267285638570755
Filón,Phil_Legat,Phil_Somn#1,0.6214089184409856
Filón,Phil_Legat,Phil_Somn#2,0.6156238036179701
Filón,Phil_Legat,Phil_Abr,0.5983357888155075
Filón,Phil_Legat,Phil_Jos,0.6064178042397423
Filón,Phil_Legat,Phil_Mos#1,0.6009053669558374
Filón,Phil_Legat,Phil_Mos#2,0.6179081297198586
Filón,Phil_Legat,Phil_Decal,0.600936479091679
Filón,Phil_Legat,Phil_Spec#1,0.6182728118022693
Filón,Phil_Legat,Phil_Spec#2,0.6089157893027528
Filón,Phil_Legat,Phil_Spec#3,0.5891549826578145
Filón,Phil_Legat,Phil_Spec#4,0.6006096732687488
Filón,Phil_Legat,Phil_Virt,0.6006154152215817
Filón,Phil_Legat,Phil_Praem,0.5952835319593199
Filón,Phil_Legat,Phil_Prob,0.6063005684389176
Filón,Phil_Legat,Phil_Contempl,0.587289706773718
Filón,Phil_Flacc,Phil_LegAll#1,0.6787053935715339
Filón,Phil_Flacc,Phil_LegAll#2,0.6557857163159072
Filón,Phil_Flacc,Phil_LegAll#3,0.6520992311744698
Filón,Phil_Flacc,Phil_Cher,0.6370396111393587
Filón,Phil_Flacc,Phil_Sacr,0.6349264631879276
Filón,Phil_Flacc,Phil_Det,0.6249914629514357
Filón,Phil_Flacc,Phil_Post,0.6370795995036133
Filón,Phil_Flacc,Phil_Gig,0.6216037596130548
Filón,Phil_Flacc,Phil_Immut,0.6267992825223723
Filón,Phil_Flacc,Phil_Agr,0.6158126463407883
Filón,Phil_Flacc,Phil_Plant,0.6335397261686782
Filón,Phil_Flacc,Phil_Ebr,0.62316052578464
Filón,Phil_Flacc,Phil_Sobr,0.6284050772069765
Filón,Phil_Flacc,Phil_Conf,0.618713572426488
Filón,Phil_Flacc,Phil_Migr,0.6196108363008249
Filón,Phil_Flacc,Phil_Her,0.6274169925537697
Filón,Phil_Flacc,Phil_Congr,0.6257041038501825
Filón,Phil_Flacc,Phil_Fug,0.616171720555081
Filón,Phil_Flacc,Phil_Mut,0.6463310381342107
Filón,Phil_Flacc,Phil_Somn#1,0.638215145693725
Filón,Phil_Flacc,Phil_Somn#2,0.6175051955692392
Filón,Phil_Flacc,Phil_Abr,0.6133735984961486
Filón,Phil_Flacc,Phil_Jos,0.5893043601131166
Filón,Phil_Flacc,Phil_Mos#1,0.5703798724191406
Filón,Phil_Flacc,Phil_Mos#2,0.6044965583683107
Filón,Phil_Flacc,Phil_Decal,0.6221117047339401
Filón,Phil_Flacc,Phil_Spec#1,0.5991822071993956
Filón,Phil_Flacc,Phil_Spec#2,0.600767066990349
Filón,Phil_Flacc,Phil_Spec#3,0.6046749566114002
Filón,Phil_Flacc,Phil_Spec#4,0.5967536781820184
Filón,Phil_Flacc,Phil_Virt,0.5915368353268461
Filón,Phil_Flacc,Phil_Praem,0.5948856282160303
Filón,Phil_Flacc,Phil_Prob,0.620511605989779
Filón,Phil_Flacc,Phil_Contempl,0.6056642744199389
Isócrates,Isoc_Paneg,Isoc_Ep22,0.5909373784067247
Isócrates,Isoc_Paneg,Isoc_Ep23,0.5982614204658685
Isócrates,Isoc_Paneg,Isoc_Ep24,0.563447318300522
Isócrates,Isoc_Paneg,Isoc_Ep25,0.5714825603541365
Isócrates,Isoc_Paneg,Isoc_Ep26,0.5755199136047657
Isócrates,Isoc_Paneg,Isoc_Ep27,0.6017267337605947
Isócrates,Isoc_Paneg,Isoc_Ep28,0.6548062390189429
Isócrates,Isoc_Paneg,Isoc_Ep29,0.6106900054369826
Isócrates,Isoc_Paneg,Isoc_Ep30,0.5753288639796942
Isócrates,Isoc_AdNic,Isoc_Ep22,0.6040889326345769
Isócrates,Isoc_AdNic,Isoc_Ep23,0.6062596087861658
Isócrates,Isoc_AdNic,Isoc_Ep24,0.5662852419589768
Isócrates,Isoc_AdNic,Isoc_Ep25,0.5666175269179714
Isócrates,Isoc_AdNic,Isoc_Ep26,0.5751658315916552
Isócrates,Isoc_AdNic,Isoc_Ep27,0.6076298612282304
Isócrates,Isoc_AdNic,Isoc_Ep28,0.637281218960197
Isócrates,Isoc_AdNic,Isoc_Ep29,0.5992101660950929
Isócrates,Isoc_AdNic,Isoc_Ep30,0.6092130531587998
Isócrates,Isoc_Nic,Isoc_Ep22,0.6235676449294523
Isócrates,Isoc_Nic,Isoc_Ep23,0.5908138548750167
Isócrates,Isoc_Nic,Isoc_Ep24,0.5702282601993252
Isócrates,Isoc_Nic,Isoc_Ep25,0.5793353729374706
Isócrates,Isoc_Nic,Isoc_Ep26,0.5670703526135025
Isócrates,Isoc_Nic,Isoc_Ep27,0.5990214219936723
Isócrates,Isoc_Nic,Isoc_Ep28,0.6386837694649097
Isócrates,Isoc_Nic,Isoc_Ep29,0.5814122656836129
Isócrates,Isoc_Nic,Isoc_Ep30,0.5989964322404203
Isócrates,Isoc_Evag,Isoc_Ep22,0.6047312580203386
Isócrates,Isoc_Evag,Isoc_Ep23,0.5972138607182188
Isócrates,Isoc_Evag,Isoc_Ep24,0.5857899762105511
Isócrates,Isoc_Evag,Isoc_Ep25,0.5757296380041316
Isócrates,Isoc_Evag,Isoc_Ep26,0.5771060979844902
Isócrates,Isoc_Evag,Isoc_Ep27,0.605519447713238
Isócrates,Isoc_Evag,Isoc_Ep28,0.6595428926218749
Isócrates,Isoc_Evag,Isoc_Ep29,0.5865933579186633
Isócrates,Isoc_Evag,Isoc_Ep30,0.5869348963342945
Isócrates,Isoc_Areop,Isoc_Ep22,0.608090638732375
Isócrates,Isoc_Areop,Isoc_Ep23,0.5928318788392039
Isócrates,Isoc_Areop,Isoc_Ep24,0.5673087757282338
Isócrates,Isoc_Areop,Isoc_Ep25,0.5862743509947927
Isócrates,Isoc_Areop,Isoc_Ep26,0.5617470176053119
Isócrates,Isoc_Areop,Isoc_Ep27,0.5953265105776108
Isócrates,Isoc_Areop,Isoc_Ep28,0.633660646692859
Isócrates,Isoc_Areop,Isoc_Ep29,0.5876728465842358
Isócrates,Isoc_Areop,Isoc_Ep30,0.5878459683894721
Josefo,Jos_AJ#1,Jos_Vita,0.6208392589374035
Josefo,Jos_AJ#1,Jos_CAp#1,0.6410285463195003
Josefo,Jos_AJ#1,Jos_CAp#2,0.6333221802243884
Josefo,Jos_AJ#2,Jos_Vita,0.6089501781620335
Josefo,Jos_AJ#2,Jos_CAp#1,0.6158008279635574
Josefo,Jos_AJ#2,Jos_CAp#2,0.6264523379310355
Josefo,Jos_AJ#3,Jos_Vita,0.6273083505413951
Josefo,Jos_AJ#3,Jos_CAp#1,0.6272634889274677
Josefo,Jos_AJ#3,Jos_CAp#2,0.6445896465070136
Josefo,Jos_AJ#4,Jos_Vita,0.62198268148741
Josefo,Jos_AJ#4,Jos_CAp#1,0.6389367539784245
Josefo,Jos_AJ#4,Jos_CAp#2,0.6243824530245596
Josefo,Jos_AJ#5,Jos_Vita,0.5790237129150801
Josefo,Jos_AJ#5,Jos_CAp#1,0.6128340963901953
Josefo,Jos_AJ#5,Jos_CAp#2,0.6056697976843954
Josefo,Jos_AJ#6,Jos_Vita,0.6256209813193073
Josefo,Jos_AJ#6,Jos_CAp#1,0.6235809459529287
Josefo,Jos_AJ#6,Jos_CAp#2,0.6292144757623539
Josefo,Jos_AJ#7,Jos_Vita,0.5922547670750458
Josefo,Jos_AJ#7,Jos_CAp#1,0.6157935608540066
Josefo,Jos_AJ#7,Jos_CAp#2,0.6614112981966802
Josefo,Jos_AJ#8,Jos_Vita,0.6037468429533189
Josefo,Jos_AJ#8,Jos_CAp#1,0.6283250751458881
Josefo,Jos_AJ#8,Jos_CAp#2,0.6359371468063649
Josefo,Jos_AJ#9,Jos_Vita,0.6015213314192605
Josefo,Jos_AJ#9,Jos_CAp#1,0.6169788044782606
Josefo,Jos_AJ#9,Jos_CAp#2,0.6146963756281635
Josefo,Jos_AJ#10,Jos_Vita,0.6102803507418555
Josefo,Jos_AJ#10,Jos_CAp#1,0.591579247301485
Josefo,Jos_AJ#10,Jos_CAp#2,0.6349689083935333
Josefo,Jos_AJ#11,Jos_Vita,0.6106623508338476
Josefo,Jos_AJ#11,Jos_CAp#1,0.6125715458089908
Josefo,Jos_AJ#11,Jos_CAp#2,0.6430254076559722
Josefo,Jos_AJ#12,Jos_Vita,0.598278842434041
Josefo,Jos_AJ#12,Jos_CAp#1,0.5986902739090894
Josefo,Jos_AJ#12,Jos_CAp#2,0.6200090768875022
Josefo,Jos_AJ#13,Jos_Vita,0.600682761289184
Josefo,Jos_AJ#13,Jos_CAp#1,0.5966922438301892
Josefo,Jos_AJ#13,Jos_CAp#2,0.6243955721276332
Josefo,Jos_AJ#14,Jos_Vita,0.6079781283418193
Josefo,Jos_AJ#14,Jos_CAp#1,0.6200994555098096
Josefo,Jos_AJ#14,Jos_CAp#2,0.6335074452147045
Josefo,Jos_AJ#15,Jos_Vita,0.5996458639670449
Josefo,Jos_AJ#15,Jos_CAp#1,0.5974897348512833
Josefo,Jos_AJ#15,Jos_CAp#2,0.6139891288387365
Josefo,Jos_AJ#16,Jos_Vita,0.6123560297960609
Josefo,Jos_AJ#16,Jos_CAp#1,0.6303610492505947
Josefo,Jos_AJ#16,Jos_CAp#2,0.6219151233117177
Josefo,Jos_AJ#17,Jos_Vita,0.6338242888309928
Josefo,Jos_AJ#17,Jos_CAp#1,0.6339239344095128
Josefo,Jos_AJ#17,Jos_CAp#2,0.6468218392284484
Josefo,Jos_AJ#18,Jos_Vita,0.6150372577288662
Josefo,Jos_AJ#18,Jos_CAp#1,0.6383362987294124
Josefo,Jos_AJ#18,Jos_CAp#2,0.6523084465584211
Josefo,Jos_AJ#19,Jos_Vita,0.6151200474248119
Josefo,Jos_AJ#19,Jos_CAp#1,0.6212251229280343
Josefo,Jos_AJ#19,Jos_CAp#2,0.6555978733955037
Josefo,Jos_AJ#20,Jos_Vita,0.5905343942793329
Josefo,Jos_AJ#20,Jos_CAp#1,0.6169595597966
Josefo,Jos_AJ#20,Jos_CAp#2,0.6136556377980622
Josefo,Jos_BJ#1,Jos_Vita,0.591493526096393
Josefo,Jos_BJ#1,Jos_CAp#1,0.6174933960526452
Josefo,Jos_BJ#1,Jos_CAp#2,0.6343299337494489
Josefo,Jos_BJ#2,Jos_Vita,0.5959219661224753
Josefo,Jos_BJ#2,Jos_CAp#1,0.6169591059772849
Josefo,Jos_BJ#2,Jos_CAp#2,0.6276096114933958
Josefo,Jos_BJ#3,Jos_Vita,0.6041257137213072
Josefo,Jos_BJ#3,Jos_CAp#1,0.6306662423597778
Josefo,Jos_BJ#3,Jos_CAp#2,0.618233435027839
Josefo,Jos_BJ#4,Jos_Vita,0.5918119132947265
Josefo,Jos_BJ#4,Jos_CAp#1,0.6195414137064083
Josefo,Jos_BJ#4,Jos_CAp#2,0.6320190296470312
Josefo,Jos_BJ#5,Jos_Vita,0.6177727992292317
Josefo,Jos_BJ#5,Jos_CAp#1,0.628188601065308
Josefo,Jos_BJ#5,Jos_CAp#2,0.6271819124159413
Josefo,Jos_BJ#6,Jos_Vita,0.6072963881674027
Josefo,Jos_BJ#6,Jos_CAp#1,0.6094542275802842
Josefo,Jos_BJ#6,Jos_CAp#2,0.6109379218610138
Josefo,Jos_BJ#7,Jos_Vita,0.5970774263893532
Josefo,Jos_BJ#7,Jos_CAp#1,0.6039601767498224
Josefo,Jos_BJ#7,Jos_CAp#2,0.6164355403766625
Josefo,Jos_Vita,Jos_CAp#1,0.6067436371287226
Josefo,Jos_Vita,Jos_CAp#2,0.6269214255867108
Juliano,Jul_Ep#4,Jul_Or3,0.6422153629925422
Juliano,Jul_Ep#4,Jul_Or7,0.6131893794150964
Juliano,Jul_Ep#8,Jul_Or1,0.6264935930544572
Juliano,Jul_Ep#16,Jul_Or1,0.6225621754846167
Juliano,Jul_Ep#16,Jul_Or2,0.6312248266547484
Juliano,Jul_Ep#16,Jul_Or3,0.6306775555262693
Juliano,Jul_Ep#16,Jul_Or4,0.6096410441604689
Juliano,Jul_Ep#16,Jul_Or7,0.6118616968378016
Juliano,Jul_Ep#16,Jul_Or9,0.615563997255979
Juliano,Jul_Ep#16,Jul_Misop,0.6269279085182757
Juliano,Jul_Ep#18,Jul_Or3,0.6649610041900049
Juliano,Jul_Ep#18,Jul_Or4,0.6562255985954103
Juliano,Jul_Ep#18,Jul_Or9,0.6629839876098165
Juliano,Jul_Ep#19,Jul_Or2,0.6475886550216617
Juliano,Jul_Ep#19,Jul_Or4,0.6351553345664998
Juliano,Jul_Ep#19,Jul_Or9,0.61109585827726
Juliano,Jul_Ep#20,Jul_Or1,0.6413556444539033
Juliano,Jul_Ep#20,Jul_Or2,0.6480369406289717
Juliano,Jul_Ep#20,Jul_Or3,0.6449497212122421
Juliano,Jul_Ep#20,Jul_Or4,0.6427779157949473
Juliano,Jul_Ep#20,Jul_Or7,0.63661607150999
Juliano,Jul_Ep#20,Jul_Misop,0.64193723640998
Juliano,Jul_Ep#21,Jul_Or1,0.6077130922131996
Juliano,Jul_Ep#21,Jul_Or2,0.6139779451977904
Juliano,Jul_Ep#21,Jul_Or4,0.6017426404709825
Juliano,Jul_Ep#21,Jul_Or9,0.603421346643067
Juliano,Jul_Ep#21,Jul_Misop,0.6202806586903498
Juliano,Jul_Ep#22,Jul_Or1,0.6083915245306082
Juliano,Jul_Ep#22,Jul_Or2,0.6497162667055563
Juliano,Jul_Ep#22,Jul_Or7,0.6149917079727993
Juliano,Jul_Ep#22,Jul_Or9,0.6321062504365861
Juliano,Jul_Ep#22,Jul_Misop,0.6158365629255618
Juliano,Jul_Ep#25,Jul_Or1,0.6515612550260745
Juliano,Jul_Ep#25,Jul_Or2,0.6327546718827828
Juliano,Jul_Ep#25,Jul_Or4,0.6255628082166493
Juliano,Jul_Ep#25,Jul_Or7,0.6577384992440667
Juliano,Jul_Ep#25,Jul_Or9,0.6575509170611482
Juliano,Jul_Ep#25,Jul_Misop,0.6427811215092678
Juliano,Jul_Ep#26,Jul_Or1,0.7003547284102839
Juliano,Jul_Ep#26,Jul_Or2,0.6954875944363034
Juliano,Jul_Ep#26,Jul_Or3,0.700544640501018
Juliano,Jul_Ep#26,Jul_Or7,0.6819475993872304
Juliano,Jul_Ep#26,Jul_Or9,0.6780706444942821
Juliano,Jul_Ep#28,Jul_Or4,0.6192582888337759
Juliano,Jul_Ep#28,Jul_Or9,0.6121643004041474
Juliano,Jul_Ep#28,Jul_Misop,0.6292962195777935
Juliano,Jul_Ep#29,Jul_Or1,0.6321776154413256
Juliano,Jul_Ep#29,Jul_Or3,0.6307901594136197
Juliano,Jul_Ep#29,Jul_Or4,0.6306728032581485
Juliano,Jul_Ep#29,Jul_Or9,0.6223589728448752
Juliano,Jul_Ep#30,Jul_Or4,0.667426155231156
Juliano,Jul_Ep#30,Jul_Or7,0.6565723045907769
Juliano,Jul_Ep#30,Jul_Or9,0.6543941148501576
Juliano,Jul_Ep#30,Jul_Misop,0.6818269449514694
Juliano,Jul_Ep#32,Jul_Or2,0.642678963539248
Juliano,Jul_Ep#32,Jul_Or4,0.6606022196442757
Juliano,Jul_Ep#32,Jul_Or7,0.6420643768524916
Juliano,Jul_Ep#36,Jul_Or2,0.6542917698125258
Juliano,Jul_Ep#36,Jul_Or3,0.6362979609784726
Juliano,Jul_Ep#36,Jul_Or4,0.6473061817539686
Juliano,Jul_Ep#41,Jul_Or3,0.6084070787162886
Juliano,Jul_Ep#41,Jul_Or4,0.6483297573137667
Juliano,Jul_Ep#47,Jul_Or2,0.6419722433617173
Juliano,Jul_Ep#47,Jul_Or3,0.6297970049861261
Juliano,Jul_Ep#47,Jul_Or7,0.6192948892283083
Juliano,Jul_Ep#47,Jul_Or9,0.6465805216258753
Juliano,Jul_Ep#47,Jul_Misop,0.6345886330586508
Juliano,Jul_Ep#48,Jul_Or1,0.7136740566664918
Juliano,Jul_Ep#48,Jul_Or2,0.6812836605638326
Juliano,Jul_Ep#48,Jul_Or3,0.6902045876499381
Juliano,Jul_Ep#48,Jul_Or4,0.6841577952479686
Juliano,Jul_Ep#48,Jul_Or9,0.7045048740629799
Juliano,Jul_Ep#48,Jul_Misop,0.6901646523434092
Juliano,Jul_Ep#50,Jul_Or1,0.6188101119029762
Juliano,Jul_Ep#50,Jul_Or2,0.6221874804074617
Juliano,Jul_Ep#50,Jul_Or3,0.6390737358357746
Juliano,Jul_Ep#50,Jul_Or7,0.618909197322503
Juliano,Jul_Ep#51,Jul_Or3,0.6960089280668483
Juliano,Jul_Ep#51,Jul_Or4,0.7079135164557127
Juliano,Jul_Ep#51,Jul_Or9,0.7238489312534434
Juliano,Jul_Ep#51,Jul_Misop,0.70005690321575
Juliano,Jul_Ep#53,Jul_Or2,0.6646736929781301
Juliano,Jul_Ep#53,Jul_Or3,0.6557402112399288
Juliano,Jul_Ep#53,Jul_Or7,0.6470352152190825
Juliano,Jul_Ep#53,Jul_Or9,0.6725350776701376
Juliano,Jul_Ep#53,Jul_Misop,0.664638024077709
Juliano,Jul_Ep#56,Jul_Or1,0.5815971151236197
Juliano,Jul_Ep#56,Jul_Or2,0.629662655050371
Juliano,Jul_Ep#56,Jul_Or9,0.5964663492695165
Juliano,Jul_Ep#56,Jul_Misop,0.5910835760467248
Juliano,Jul_Ep#57,Jul_Or2,0.6853850291445844
Juliano,Jul_Ep#57,Jul_Or3,0.6825943947699813
Juliano,Jul_Ep#57,Jul_Or7,0.6974393899062139
Juliano,Jul_Ep#57,Jul_Or9,0.7118454195586925
Juliano,Jul_Ep#58,Jul_Or1,0.5988857018225529
Juliano,Jul_Ep#58,Jul_Or2,0.5975966726629366
Juliano,Jul_Ep#58,Jul_Or3,0.5886077454059413
Juliano,Jul_Ep#58,Jul_Or7,0.5941227624609637
Juliano,Jul_Ep#58,Jul_Or9,0.5782121758975602
Juliano,Jul_Ep#58,Jul_Misop,0.5766552626518651
Juliano,Jul_Ep#63,Jul_Or1,0.7059436239062798
Juliano,Jul_Ep#63,Jul_Or3,0.724086677959829
Juliano,Jul_Ep#63,Jul_Or7,0.6843899177539019
Juliano,Jul_Ep#67,Jul_Or1,0.6749729060980953
Juliano,Jul_Ep#67,Jul_Or2,0.6824249396202762
Juliano,Jul_Ep#67,Jul_Or3,0.6845276755816746
Juliano,Jul_Ep#67,Jul_Or4,0.6784174155216837
Juliano,Jul_Ep#67,Jul_Or7,0.683697052828945
Juliano,Jul_Ep#69,Jul_Or1,0.65047246339314
Juliano,Jul_Ep#69,Jul_Or4,0.6542731365865686
Juliano,Jul_Ep#69,Jul_Or7,0.6246669455263453
Juliano,Jul_Ep#69,Jul_Or9,0.6497897449911155
Juliano,Jul_Ep#69,Jul_Misop,0.6487530559992919
Juliano,Jul_Or1,Jul_EpThem,0.6352760873113134
Juliano,Jul_Or2,Jul_EpAth,0.6165709564563782
Juliano,Jul_Or3,Jul_EpAth,0.6080242250935808
Juliano,Jul_Or4,Jul_EpAth,0.6028621450369501
Juliano,Jul_EpAth,Jul_Or9,0.6096598552074592
Juliano,Jul_EpThem,Jul_Or9,0.6205829834692939
Juliano,Jul_EpThem,Jul_Misop,0.6348202016285265
Justino,Just_Apol1,Just_Dial#1-2,0.6653518290985078
Justino,Just_Apol1,Just_Dial#3,0.6761513182365488
Justino,Just_Apol1,Just_Dial#4,0.7079469608734085
Justino,Just_Apol1,Just_Dial#5,0.6622335506898235
Justino,Just_Apol1,Just_Dial#6-8,0.6156367528515437
Justino,Just_Apol1,Just_Dial#9-10,0.6397474693671259
Justino,Just_Apol1,Just_Dial#11-12,0.6062054908148969
Justino,Just_Apol1,Just_Dial#13,0.6122570588846259
Justino,Just_Apol1,Just_Dial#14,0.5958040216281745
Justino,Just_Apol1,Just_Dial#15-16,0.6141217200632182
Justino,Just_Apol1,Just_Dial#17-18,0.6021901675222068
Justino,Just_Apol1,Just_Dial#19-20,0.6018851007843316
Justino,Just_Apol1,Just_Dial#21-22,0.6079921593864978
Justino,Just_Apol1,Just_Dial#23-24,0.6134561754817607
Justino,Just_Apol1,Just_Dial#25-26,0.5989510493029012
Justino,Just_Apol1,Just_Dial#27,0.621512530442591
Justino,Just_Apol1,Just_Dial#28-29,0.6176682282422552
Justino,Just_Apol1,Just_Dial#30-31,0.6625109195591181
Justino,Just_Apol1,Just_Dial#32,0.5868108850229625
Justino,Just_Apol1,Just_Dial#33-34,0.6242315579075876
Justino,Just_Apol1,Just_Dial#35,0.6304557619882345
Justino,Just_Apol1,Just_Dial#36,0.6613488000373591
Justino,Just_Apol1,Just_Dial#37-38,0.6095062139335268
Justino,Just_Apol1,Just_Dial#39,0.5795709978052727
Justino,Just_Apol1,Just_Dial#40-41,0.6519898003766434
Justino,Just_Apol1,Just_Dial#42-43,0.6385304994849215
Justino,Just_Apol1,Just_Dial#44-45,0.5978176184165861
Justino,Just_Apol1,Just_Dial#46,0.6269367215359841
Justino,Just_Apol1,Just_Dial#47,0.6266326513655613
Justino,Just_Apol1,Just_Dial#48-49,0.633012147614214
Justino,Just_Apol1,Just_Dial#50-51,0.6502398759826831
Justino,Just_Apol1,Just_Dial#52-53,0.5964739962846848
Justino,Just_Apol1,Just_Dial#54-55,0.6194415635527776
Justino,Just_Apol1,Just_Dial#56,0.6062265339260788
Justino,Just_Apol1,Just_Dial#57-58,0.6518365049425221
Justino,Just_Apol1,Just_Dial#59-60,0.6694188415229958
Justino,Just_Apol1,Just_Dial#61-62,0.6253331507754113
Justino,Just_Apol1,Just_Dial#63,0.6277041231556586
Justino,Just_Apol1,Just_Dial#64,0.6158559094109537
Justino,Just_Apol1,Just_Dial#65,0.6344474125815031
Justino,Just_Apol2,Just_Dial#1-2,0.6508936617345966
Justino,Just_Apol2,Just_Dial#3,0.6529184363900745
Justino,Just_Apol2,Just_Dial#4,0.6582696710790578
Justino,Just_Apol2,Just_Dial#5,0.6423456547372612
Justino,Just_Apol2,Just_Dial#6-8,0.6067749436221372
Justino,Just_Apol2,Just_Dial#9-10,0.6294196663255577
Justino,Just_Apol2,Just_Dial#11-12,0.6092341415131696
Justino,Just_Apol2,Just_Dial#13,0.6614052238331624
Justino,Just_Apol2,Just_Dial#14,0.6224323061698394
Justino,Just_Apol2,Just_Dial#15-16,0.6468305777246278
Justino,Just_Apol2,Just_Dial#17-18,0.5912817384587
Justino,Just_Apol2,Just_Dial#19-20,0.602839103788984
Justino,Just_Apol2,Just_Dial#21-22,0.6386533096425268
Justino,Just_Apol2,Just_Dial#23-24,0.6088673349657678
Justino,Just_Apol2,Just_Dial#25-26,0.6487677470965328
Justino,Just_Apol2,Just_Dial#27,0.6356042760486482
Justino,Just_Apol2,Just_Dial#28-29,0.6205406733888514
Justino,Just_Apol2,Just_Dial#30-31,0.6679919917806248
Justino,Just_Apol2,Just_Dial#32,0.6562420183152725
Justino,Just_Apol2,Just_Dial#33-34,0.6684946845348199
Justino,Just_Apol2,Just_Dial#35,0.6495013261826125
Justino,Just_Apol2,Just_Dial#36,0.6939420619131442
Justino,Just_Apol2,Just_Dial#37-38,0.6500719694718885
Justino,Just_Apol2,Just_Dial#39,0.6004157680215574
Justino,Just_Apol2,Just_Dial#40-41,0.6857040162406511
Justino,Just_Apol2,Just_Dial#42-43,0.6679335167445426
Justino,Just_Apol2,Just_Dial#44-45,0.5917740356017461
Justino,Just_Apol2,Just_Dial#46,0.6099781544079648
Justino,Just_Apol2,Just_Dial#47,0.651201765374829
Justino,Just_Apol2,Just_Dial#48-49,0.6907936929220945
Justino,Just_Apol2,Just_Dial#50-51,0.6580581258594356
Justino,Just_Apol2,Just_Dial#52-53,0.619170170846256
Justino,Just_Apol2,Just_Dial#54-55,0.6310520556306689
Justino,Just_Apol2,Just_Dial#56,0.6369308399358555
Justino,Just_Apol2,Just_Dial#57-58,0.6606862225663774
Justino,Just_Apol2,Just_Dial#59-60,0.6839897506676891
Justino,Just_Apol2,Just_Dial#61-62,0.634173147529671
Justino,Just_Apol2,Just_Dial#63,0.677030983606608
Justino,Just_Apol2,Just_Dial#64,0.6243391609877933
Justino,Just_Apol2,Just_Dial#65,0.661242651701886
Libanio,Liban_Ep10#20,Liban_Or2,0.658701567322971
Libanio,Liban_Ep10#21,Liban_Or2,0.6777829931844058
Libanio,Liban_Ep10#21,Liban_Or11,0.6472696130402071
Libanio,Liban_Ep10#25,Liban_Or1,0.6290809750551493
Libanio,Liban_Ep10#25,Liban_Or2,0.6238915372450549
Libanio,Liban_Ep10#33,Liban_Or30,0.6933924079397749
Libanio,Liban_Ep10#49,Liban_Or1,0.6539594273116832
Libanio,Liban_Ep10#49,Liban_Or47,0.6745430268828562
Libanio,Liban_Ep10#62,Liban_Or1,0.6051759229307078
Libanio,Liban_Ep10#62,Liban_Or47,0.6563777169072547
Libanio,Liban_Ep10#66,Liban_Or2,0.6432669540341894
Libanio,Liban_Ep10#66,Liban_Or30,0.6219844165819628
Libanio,Liban_Ep10#66,Liban_Or64,0.6494956401774215
Libanio,Liban_Ep10#68,Liban_Or64,0.6424452170500816
Libanio,Liban_Ep10#72,Liban_Or1,0.6814643223419501
Libanio,Liban_Ep10#72,Liban_Or64,0.6815355730541894
Libanio,Liban_Ep10#75,Liban_Or64,0.6475992751298434
Libanio,Liban_Ep10#81,Liban_Or1,0.6418228714885297
Libanio,Liban_Ep10#81,Liban_Or11,0.6653839377464983
Libanio,Liban_Ep10#86,Liban_Or47,0.6837553161481105
Libanio,Liban_Ep10#113,Liban_Or64,0.6187462403119036
Libanio,Liban_Ep10#114,Liban_Or30,0.6119037076315593
Libanio,Liban_Ep10#115,Liban_Or1,0.6647071358943135
Libanio,Liban_Ep10#115,Liban_Or11,0.6914638013676492
Libanio,Liban_Ep10#119,Liban_Or30,0.6258829878036531
Libanio,Liban_Ep10#127,Liban_Or1,0.6471041353403797
Libanio,Liban_Ep10#163,Liban_Or2,0.6335450238448034
Libanio,Liban_Ep10#173,Liban_Or47,0.6547211991243647
Libanio,Liban_Ep10#175,Liban_Or64,0.7150983865333258
Libanio,Liban_Ep10#192,Liban_Or1,0.6013443664617496
Libanio,Liban_Ep10#192,Liban_Or30,0.6192319142684826
Libanio,Liban_Ep10#208,Liban_Or1,0.6678193436873502
Libanio,Liban_Ep10#208,Liban_Or64,0.6908429399161268
Libanio,Liban_Ep10#219,Liban_Or1,0.6341493263997846
Libanio,Liban_Ep10#219,Liban_Or64,0.6372861329759074
Libanio,Liban_Ep10#224,Liban_Or1,0.6514768225871035
Libanio,Liban_Ep10#238,Liban_Or1,0.628241650865456
Libanio,Liban_Ep10#239,Liban_Or64,0.6753513816491427
Libanio,Liban_Ep10#240,Liban_Or30,0.6833110919261133
Libanio,Liban_Ep10#251,Liban_Or2,0.606403068457143
Libanio,Liban_Ep10#251,Liban_Or11,0.6377455094426664
Libanio,Liban_Ep10#251,Liban_Or30,0.622158891847403
Libanio,Liban_Ep10#269,Liban_Or64,0.7152997247763168
Libanio,Liban_Ep10#282,Liban_Or11,0.7132479591223987
Libanio,Liban_Ep10#283,Liban_Or11,0.6889615985946878
Libanio,Liban_Ep10#315,Liban_Or2,0.6632750641136687
Libanio,Liban_Ep10#316,Liban_Or1,0.6392397986389767
Libanio,Liban_Ep10#319,Liban_Or2,0.6381958667737028
Libanio,Liban_Ep10#326,Liban_Or47,0.7257008038184737
Libanio,Liban_Ep10#331,Liban_Or2,0.6137512805890816
Libanio,Liban_Ep10#331,Liban_Or11,0.6223251133742391
Libanio,Liban_Ep10#331,Liban_Or30,0.6127338976034084
Libanio,Liban_Ep10#336,Liban_Or64,0.648658170081769
Libanio,Liban_Ep10#339,Liban_Or2,0.6253496211378082
Libanio,Liban_Ep10#339,Liban_Or30,0.6101131260844783
Libanio,Liban_Ep10#339,Liban_Or47,0.6094279600269955
Libanio,Liban_Ep10#340,Liban_Or11,0.6872921779722866
Libanio,Liban_Ep10#348,Liban_Or2,0.6058174472542545
Libanio,Liban_Ep10#352,Liban_Or11,0.6906044083699691
Libanio,Liban_Ep10#352,Liban_Or64,0.7006982744189216
Libanio,Liban_Ep10#358,Liban_Or2,0.6714288749515959
Libanio,Liban_Ep10#358,Liban_Or47,0.6864954743247937
Libanio,Liban_Ep10#359,Liban_Or47,0.6646327803087596
Libanio,Liban_Ep10#362,Liban_Or1,0.6679243041908627
Libanio,Liban_Ep10#362,Liban_Or64,0.6634291156518475
Libanio,Liban_Ep10#364,Liban_Or30,0.6798001980344027
Libanio,Liban_Ep10#366,Liban_Or11,0.7204941896255301
Libanio,Liban_Ep10#369,Liban_Or30,0.5841731797819348
Libanio,Liban_Ep10#374,Liban_Or1,0.596946741926705
Libanio,Liban_Ep10#375,Liban_Or11,0.6999905425108517
Libanio,Liban_Ep10#375,Liban_Or30,0.6984104894065986
Libanio,Liban_Ep10#375,Liban_Or64,0.6948326881010434
Libanio,Liban_Ep10#379,Liban_Or30,0.631517241406784
Libanio,Liban_Ep10#386,Liban_Or47,0.6550670569555236
Libanio,Liban_Ep10#391,Liban_Or1,0.6039188720673525
Libanio,Liban_Ep10#391,Liban_Or30,0.6171702333313158
Libanio,Liban_Ep10#400,Liban_Or11,0.6808169946386218
Libanio,Liban_Ep10#411,Liban_Or2,0.6773369482668591
Libanio,Liban_Ep10#435,Liban_Or2,0.6079316873191198
Libanio,Liban_Ep10#438,Liban_Or1,0.6547156927976169
Libanio,Liban_Ep10#438,Liban_Or11,0.6700106734388085
Libanio,Liban_Ep10#441,Liban_Or1,0.5988440317443668
Libanio,Liban_Ep10#441,Liban_Or2,0.6480336601375389
Libanio,Liban_Ep10#490,Liban_Or64,0.6744067086983984
Libanio,Liban_Ep10#493,Liban_Or2,0.6977920837092088
Libanio,Liban_Ep10#495,Liban_Or11,0.6542116476224688
Libanio,Liban_Ep10#510,Liban_Or11,0.6883231294076009
Libanio,Liban_Ep10#528,Liban_Or30,0.6973977719319062
Libanio,Liban_Ep10#552,Liban_Or47,0.5920442384542579
Libanio,Liban_Ep10#555,Liban_Or47,0.6430176016411804
Libanio,Liban_Ep10#555,Liban_Or64,0.6407012425141843
Libanio,Liban_Ep10#560,Liban_Or30,0.6531886312225222
Libanio,Liban_Ep10#560,Liban_Or64,0.6507598342882402
Libanio,Liban_Ep10#562,Liban_Or30,0.66900949205289
Libanio,Liban_Ep10#562,Liban_Or64,0.6750872913800364
Libanio,Liban_Ep10#636,Liban_Or64,0.6559264093710826
Libanio,Liban_Ep10#651,Liban_Or47,0.6947636430222752
Libanio,Liban_Ep10#659,Liban_Or1,0.6631847948502646
Libanio,Liban_Ep10#693,Liban_Or1,0.6916745155836851
Libanio,Liban_Ep10#695,Liban_Or2,0.636339411859218
Libanio,Liban_Ep10#696,Liban_Or1,0.6268954454837399
Libanio,Liban_Ep10#696,Liban_Or11,0.6282177317263042
Libanio,Liban_Ep10#715,Liban_Or30,0.6222603106142962
Libanio,Liban_Ep10#715,Liban_Or64,0.6231619039930616
Libanio,Liban_Ep10#730,Liban_Or11,0.6822741846479262
Libanio,Liban_Ep10#732,Liban_Or11,0.6393967854755782
Libanio,Liban_Ep10#739,Liban_Or30,0.6928864457982139
Libanio,Liban_Ep10#741,Liban_Or11,0.6307757382624646
Libanio,Liban_Ep10#754,Liban_Or64,0.6259733493134325
Libanio,Liban_Ep10#770,Liban_Or11,0.7053774320933309
Libanio,Liban_Ep10#770,Liban_Or47,0.6920636464140871
Libanio,Liban_Ep10#773,Liban_Or30,0.6726684415156351
Libanio,Liban_Ep10#773,Liban_Or64,0.6622717759603056
Libanio,Liban_Ep10#777,Liban_Or30,0.6786624076958233
Libanio,Liban_Ep10#777,Liban_Or64,0.6769644247420088
Libanio,Liban_Ep10#796,Liban_Or64,0.6783268462541467
Libanio,Liban_Ep10#797,Liban_Or2,0.6150350211201601
Libanio,Liban_Ep10#808,Liban_Or1,0.6023468107157808
Libanio,Liban_Ep10#814,Liban_Or1,0.7005278902825629
Libanio,Liban_Ep10#833,Liban_Or1,0.6654172529631771
Lucas(anon),Lc,Hch,0.5944954767863907
Luciano,Luc_Nigr,Luc_Demon,0.6303233856221446
Luciano,Luc_Nigr,Luc_Peregr,0.6008669392202819
Luciano,Luc_Demon,Luc_Timon,0.6334240382085906
Luciano,Luc_Demon,Luc_Hermot,0.6498707195566075
Luciano,Luc_Demon,Luc_Peregr,0.6187866420832725
Luciano,Luc_Timon,Luc_Peregr,0.6052726177972664
Luciano,Luc_Hermot,Luc_Peregr,0.6379300043697588
Orígenes,Orig_CC#praef,Orig_Orat,0.6427948859534689
Orígenes,Orig_CC#praef,Orig_Mart,0.6360834285262968
Orígenes,Orig_CC#praef,Orig_EpAfr,0.6518363260825399
Orígenes,Orig_CC#1,Orig_Orat,0.6276358713910914
Orígenes,Orig_CC#1,Orig_Mart,0.6063775770614659
Orígenes,Orig_CC#1,Orig_EpAfr,0.6336975980073541
Orígenes,Orig_CC#2,Orig_Orat,0.6228724663546242
Orígenes,Orig_CC#2,Orig_Mart,0.6164739603072029
Orígenes,Orig_CC#2,Orig_EpAfr,0.6118527202519033
Orígenes,Orig_CC#3,Orig_Orat,0.6318855038301565
Orígenes,Orig_CC#3,Orig_Mart,0.6119018127838698
Orígenes,Orig_CC#3,Orig_EpAfr,0.6284040239943699
Orígenes,Orig_CC#4,Orig_Orat,0.6297260634293849
Orígenes,Orig_CC#4,Orig_Mart,0.608571980952055
Orígenes,Orig_CC#4,Orig_EpAfr,0.6209884597924814
Orígenes,Orig_CC#5,Orig_Orat,0.6321535169214442
Orígenes,Orig_CC#5,Orig_Mart,0.642766114476478
Orígenes,Orig_CC#5,Orig_EpAfr,0.6332570806671447
Orígenes,Orig_CC#6,Orig_Orat,0.6162215525835497
Orígenes,Orig_CC#6,Orig_Mart,0.6171238595174517
Orígenes,Orig_CC#6,Orig_EpAfr,0.611067236757254
Orígenes,Orig_CC#7,Orig_Orat,0.6154400099214795
Orígenes,Orig_CC#7,Orig_Mart,0.613146757381557
Orígenes,Orig_CC#7,Orig_EpAfr,0.6252888518954174
Orígenes,Orig_CC#8,Orig_Orat,0.6235066155508359
Orígenes,Orig_CC#8,Orig_Mart,0.6236697792584192
Orígenes,Orig_CC#8,Orig_EpAfr,0.615029635396892
Orígenes,Orig_Orat,Orig_EpAfr,0.6218141765373663
Orígenes,Orig_Mart,Orig_EpAfr,0.6218275181849755
Plutarco,Plut_Curios,Plut_Ira,0.5915904592381248
Plutarco,Plut_Conj,Plut_Ira,0.5822381783710668
Plutarco,Plut_Garr,Plut_Ira,0.5985069171392919
Plutarco,Plut_Tranq,Plut_Ira,0.5669220080866295
Plutarco,Plut_Ira,Plut_Superst,0.6122930982664274
Plutarco,Plut_Ira,Plut_VirtMor,0.5847441852980098
Porfirio,Porph_VPyth,Porph_Abst#1,0.6327067551273262
Porfirio,Porph_VPyth,Porph_Abst#2,0.6273835440822312
Porfirio,Porph_VPyth,Porph_Abst#3,0.6409289767451479
Porfirio,Porph_VPyth,Porph_Abst#4,0.6007084013851698
Porfirio,Porph_VPyth,Porph_Marc,0.6476983425855527
Porfirio,Porph_Abst#1,Porph_Marc,0.6403103899233805
Porfirio,Porph_Abst#2,Porph_Marc,0.6442505762042787
Porfirio,Porph_Abst#3,Porph_Marc,0.6428649464653223
Porfirio,Porph_Abst#4,Porph_Marc,0.6430984431579768
