axis,index,id
fila,0,Rom
fila,1,1Cor
fila,2,2Cor
fila,3,Gal
fila,4,Flp
fila,5,1Tes
fila,6,Flm
fila,7,Ef
fila,8,Col
fila,9,2Tes
fila,10,1Tim
fila,11,2Tim
fila,12,Tit
fila,13,Heb
columna,0,Lc
columna,1,Jn
columna,2,Hch
columna,3,1Clem
columna,4,IgnEf
columna,5,IgnMagn
columna,6,IgnTral
columna,7,IgnRom
columna,8,IgnFil
columna,9,IgnEsm
columna,10,IgnPol
columna,11,PolFil
columna,12,Herm
columna,13,Jos_AJ#1
columna,14,Jos_AJ#2
columna,15,Jos_AJ#3
columna,16,Jos_AJ#4
columna,17,Jos_AJ#5
columna,18,Jos_AJ#6
columna,19,Jos_AJ#7
columna,20,Jos_AJ#8
columna,21,Jos_AJ#9
columna,22,Jos_AJ#10
columna,23,Jos_AJ#11
columna,24,Jos_AJ#12
columna,25,Jos_AJ#13
columna,26,Jos_AJ#14
columna,27,Jos_AJ#15
columna,28,Jos_AJ#16
columna,29,Jos_AJ#17
columna,30,Jos_AJ#18
columna,31,Jos_AJ#19
columna,32,Jos_AJ#20
columna,33,Jos_BJ#1
columna,34,Jos_BJ#2
columna,35,Jos_BJ#3
columna,36,Jos_BJ#4
columna,37,Jos_BJ#5
columna,38,Jos_BJ#6
columna,39,Jos_BJ#7
columna,40,Jos_Vita
columna,41,Jos_CAp#1
columna,42,Jos_CAp#2
columna,43,Jul_Ep#4
columna,44,Jul_Ep#8
columna,45,Jul_Ep#16
columna,46,Jul_Ep#18
columna,47,Jul_Ep#19
columna,48,Jul_Ep#20
columna,49,Jul_Ep#21
columna,50,Jul_Ep#22
columna,51,Jul_Ep#25
columna,52,Jul_Ep#26
columna,53,Jul_Ep#28
columna,54,Jul_Ep#29
columna,55,Jul_Ep#30
columna,56,Jul_Ep#32
columna,57,Jul_Ep#36
columna,58,Jul_Ep#41
columna,59,Jul_Ep#47
columna,60,Jul_Ep#48
columna,61,Jul_Ep#50
columna,62,Jul_Ep#51
columna,63,Jul_Ep#53
columna,64,Jul_Ep#56
columna,65,Jul_Ep#57
columna,66,Jul_Ep#58
columna,67,Jul_Ep#63
columna,68,Jul_Ep#67
columna,69,Jul_Ep#69
columna,70,Isoc_Paneg
columna,71,Isoc_AdNic
columna,72,Isoc_Nic
columna,73,Isoc_Evag
columna,74,Isoc_Areop
columna,75,Plut_Curios
columna,76,Plut_Conj
columna,77,Plut_Garr
columna,78,Plut_Tranq
columna,79,Plut_Ira
columna,80,Plut_Superst
columna,81,Plut_VirtMor
columna,82,Luc_Nigr
columna,83,Luc_Demon
columna,84,Luc_Timon
columna,85,Luc_Hermot
columna,86,Luc_Peregr
columna,87,Arr_Anab#1
columna,88,Arr_Anab#2
columna,89,Arr_Anab#3
columna,90,Arr_Anab#4
columna,91,Arr_Anab#5
columna,92,Arr_Anab#6
columna,93,Arr_Anab#7
columna,94,Arr_Ind
columna,95,Epict_Diss#1
columna,96,Epict_Diss#2
columna,97,Epict_Diss#3
columna,98,Epict_Diss#4
columna,99,Epict_Ench
columna,100,MAur#1
columna,101,MAur#2
columna,102,MAur#3
columna,103,MAur#4
columna,104,MAur#5
columna,105,MAur#6
columna,106,MAur#7
columna,107,MAur#8
columna,108,MAur#9
columna,109,MAur#10
columna,110,MAur#11
columna,111,MAur#12
columna,112,Phil_Opif
columna,113,Phil_Legat
columna,114,Phil_Flacc
columna,115,Philostr_Ep
columna,116,Isoc_Ep22
columna,117,Isoc_Ep23
columna,118,Isoc_Ep24
columna,119,Isoc_Ep25
columna,120,Isoc_Ep26
columna,121,Isoc_Ep27
columna,122,Isoc_Ep28
columna,123,Isoc_Ep29
columna,124,Isoc_Ep30
columna,125,Phil_LegAll#1
columna,126,Phil_LegAll#2
columna,127,Phil_LegAll#3
columna,128,Phil_Cher
columna,129,Phil_Sacr
columna,130,Phil_Det
columna,131,Phil_Post
columna,132,Phil_Gig
columna,133,Phil_Immut
columna,134,Phil_Agr
columna,135,Phil_Plant
columna,136,Phil_Ebr
columna,137,Phil_Sobr
columna,138,Phil_Conf
columna,139,Phil_Migr
columna,140,Phil_Her
columna,141,Phil_Congr
columna,142,Phil_Fug
columna,143,Phil_Mut
columna,144,Phil_Somn#1
columna,145,Phil_Somn#2
columna,146,Phil_Abr
columna,147,Phil_Jos
columna,148,Phil_Mos#1
columna,149,Phil_Mos#2
columna,150,Phil_Decal
columna,151,Phil_Spec#1
columna,152,Phil_Spec#2
columna,153,Phil_Spec#3
columna,154,Phil_Spec#4
columna,155,Phil_Virt
columna,156,Phil_Praem
columna,157,Phil_Prob
columna,158,Phil_Contempl
columna,159,Just_Apol1
columna,160,Just_Apol2
columna,161,Just_Dial#1-2
columna,162,Just_Dial#3
columna,163,Just_Dial#4
columna,164,Just_Dial#5
columna,165,Just_Dial#6-8
columna,166,Just_Dial#9-10
columna,167,Just_Dial#11-12
columna,168,Just_Dial#13
columna,169,Just_Dial#14
columna,170,Just_Dial#15-16
columna,171,Just_Dial#17-18
columna,172,Just_Dial#19-20
columna,173,Just_Dial#21-22
columna,174,Just_Dial#23-24
columna,175,Just_Dial#25-26
columna,176,Just_Dial#27
columna,177,Just_Dial#28-29
columna,178,Just_Dial#30-31
columna,179,Just_Dial#32
columna,180,Just_Dial#33-34
columna,181,Just_Dial#35
columna,182,Just_Dial#36
columna,183,Just_Dial#37-38
columna,184,Just_Dial#39
columna,185,Just_Dial#40-41
columna,186,Just_Dial#42-43
columna,187,Just_Dial#44-45
columna,188,Just_Dial#46
columna,189,Just_Dial#47
columna,190,Just_Dial#48-49
columna,191,Just_Dial#50-51
columna,192,Just_Dial#52-53
columna,193,Just_Dial#54-55
columna,194,Just_Dial#56
columna,195,Just_Dial#57-58
columna,196,Just_Dial#59-60
columna,197,Just_Dial#61-62
columna,198,Just_Dial#63
columna,199,Just_Dial#64
columna,200,Just_Dial#65
columna,201,Tat
columna,202,Athen_Leg
columna,203,Theoph#1
columna,204,Theoph#2
columna,205,Theoph#3
columna,206,ClemAl_Protr
columna,207,ClemAl_Paed#1
columna,208,ClemAl_Paed#2
columna,209,ClemAl_Paed#3
columna,210,ClemAl_QDS
columna,211,Orig_CC#praef
columna,212,Orig_CC#1
columna,213,Orig_CC#2
columna,214,Orig_CC#3
columna,215,Orig_CC#4
columna,216,Orig_CC#5
columna,217,Orig_CC#6
columna,218,Orig_CC#7
columna,219,Orig_CC#8
columna,220,Orig_Orat
columna,221,Orig_Mart
columna,222,Orig_EpAfr
columna,223,VettVal#1
columna,224,VettVal#2
columna,225,VettVal#3
columna,226,VettVal#4
columna,227,VettVal#5
columna,228,VettVal#6
columna,229,VettVal#7
columna,230,VettVal#8
columna,231,VettVal#9
columna,232,Polemon
columna,233,Arist_Or43
columna,234,Arist_Or45
columna,235,Arist_Or41
columna,236,Arist_Or26
columna,237,Arist_Or24
columna,238,Arist_Or48
columna,239,Bas_Ep#1
columna,240,Bas_Ep#2
columna,241,Bas_Ep#3
columna,242,Bas_Ep#5
columna,243,Bas_Ep#6
columna,244,Bas_Ep#9
columna,245,Bas_Ep#14
columna,246,Bas_Ep#18
columna,247,Bas_Ep#20
columna,248,Bas_Ep#22
columna,249,Bas_Ep#23
columna,250,Bas_Ep#24
columna,251,Bas_Ep#25
columna,252,Bas_Ep#26
columna,253,Bas_Ep#28
columna,254,Bas_Ep#29
columna,255,Bas_Ep#30
columna,256,Bas_Ep#32
columna,257,Bas_Ep#34
columna,258,Bas_Ep#37
columna,259,Bas_Ep#48
columna,260,Bas_Ep#51
columna,261,Bas_Ep#52
columna,262,Bas_Ep#53
columna,263,Bas_Ep#54
columna,264,Bas_Ep#55
columna,265,Bas_Ep#56
columna,266,Bas_Ep#57
columna,267,Bas_Ep#58
columna,268,Bas_Ep#59
columna,269,Bas_Ep#60
columna,270,Bas_Ep#63
columna,271,Bas_Ep#65
columna,272,Bas_Ep#66
columna,273,Bas_Ep#68
columna,274,Bas_Ep#69
columna,275,Bas_Ep#70
columna,276,Bas_Ep#71
columna,277,Bas_Ep#73
columna,278,Bas_Ep#74
columna,279,Bas_Ep#75
columna,280,Bas_Ep#76
columna,281,Bas_Ep#82
columna,282,Bas_Ep#83
columna,283,Bas_Ep#84
columna,284,Bas_Ep#85
columna,285,Bas_Ep#89
columna,286,Bas_Ep#90
columna,287,Bas_Ep#91
columna,288,Bas_Ep#92
columna,289,Bas_Ep#93
columna,290,Bas_Ep#94
columna,291,Bas_Ep#95
columna,292,Bas_Ep#96
columna,293,Bas_Ep#97
columna,294,Bas_Ep#98
columna,295,Bas_Ep#99
columna,296,Bas_Ep#100
columna,297,Bas_Ep#101
columna,298,Bas_Ep#102
columna,299,Bas_Ep#104
columna,300,Bas_Ep#105
columna,301,Bas_Ep#108
columna,302,Bas_Ep#109
columna,303,Bas_Ep#112
columna,304,Bas_Ep#113
columna,305,Bas_Ep#114
columna,306,Bas_Ep#116
columna,307,Bas_Ep#117
columna,308,Bas_Ep#119
columna,309,Bas_Ep#120
columna,310,Bas_Ep#122
columna,311,Bas_Ep#124
columna,312,Bas_Ep#125
columna,313,Bas_Ep#126
columna,314,Bas_Ep#128
columna,315,Bas_Ep#129
columna,316,Bas_Ep#130
columna,317,Bas_Ep#131
columna,318,Bas_Ep#135
columna,319,Bas_Ep#136
columna,320,Bas_Ep#137
columna,321,Bas_Ep#138
columna,322,Bas_Ep#139
columna,323,Bas_Ep#140
columna,324,Bas_Ep#141
columna,325,Bas_Ep#148
columna,326,Bas_Ep#150
columna,327,Bas_Ep#151
columna,328,Bas_Ep#154
columna,329,Bas_Ep#155
columna,330,Bas_Ep#156
columna,331,Bas_Ep#159
columna,332,Bas_Ep#160
columna,333,Bas_Ep#161
columna,334,Bas_Ep#162
columna,335,Bas_Ep#164
columna,336,Bas_Ep#165
columna,337,Bas_Ep#172
columna,338,Bas_Ep#173
columna,339,Bas_Ep#174
columna,340,Bas_Ep#188
columna,341,Bas_Ep#190
columna,342,Bas_Ep#191
columna,343,Bas_Ep#198
columna,344,Bas_Ep#199
columna,345,Bas_Ep#200
columna,346,Bas_Ep#203
columna,347,Bas_Ep#204
columna,348,Bas_Ep#205
columna,349,Bas_Ep#206
columna,350,Bas_Ep#207
columna,351,Bas_Ep#210
columna,352,Bas_Ep#212
columna,353,Bas_Ep#213
columna,354,Bas_Ep#214
columna,355,Bas_Ep#217
columna,356,Bas_Ep#218
columna,357,Bas_Ep#219
columna,358,Bas_Ep#220
columna,359,Bas_Ep#222
columna,360,Bas_Ep#223
columna,361,Bas_Ep#224
columna,362,Bas_Ep#225
columna,363,Bas_Ep#226
columna,364,Bas_Ep#227
columna,365,Bas_Ep#228
columna,366,Bas_Ep#229
columna,367,Bas_Ep#230
columna,368,Bas_Ep#231
columna,369,Bas_Ep#233
columna,370,Bas_Ep#234
columna,371,Bas_Ep#235
columna,372,Bas_Ep#236
columna,373,Bas_Ep#237
columna,374,Bas_Ep#238
columna,375,Bas_Ep#239
columna,376,Bas_Ep#240
columna,377,Bas_Ep#242
columna,378,Bas_Ep#243
columna,379,Bas_Ep#244
columna,380,Bas_Ep#245
columna,381,Bas_Ep#248
columna,382,Bas_Ep#250
columna,383,Bas_Ep#251
columna,384,Bas_Ep#256
columna,385,Bas_Ep#257
columna,386,Bas_Ep#258
columna,387,Bas_Ep#260
columna,388,Bas_Ep#261
columna,389,Bas_Ep#262
columna,390,Bas_Ep#263
columna,391,Bas_Ep#264
columna,392,Bas_Ep#265
columna,393,Bas_Ep#266
columna,394,Bas_Ep#267
columna,395,Bas_Ep#268
columna,396,Bas_Ep#269
columna,397,Bas_Ep#271
columna,398,Bas_Ep#272
columna,399,Bas_Ep#276
columna,400,Bas_Ep#277
columna,401,Bas_Ep#289
columna,402,Bas_Ep#290
columna,403,Bas_Ep#291
columna,404,Bas_Ep#293
columna,405,Bas_Ep#294
columna,406,Bas_Ep#295
columna,407,Bas_Ep#299
columna,408,Bas_Ep#300
columna,409,Bas_Ep#301
columna,410,Bas_Ep#302
columna,411,Bas_Ep#313
columna,412,Bas_Ep#323
columna,413,Bas_Adol
columna,414,Liban_Ep10#19
columna,415,Liban_Ep10#20
columna,416,Liban_Ep10#21
columna,417,Liban_Ep10#25
columna,418,Liban_Ep10#33
columna,419,Liban_Ep10#35
columna,420,Liban_Ep10#37
columna,421,Liban_Ep10#40
columna,422,Liban_Ep10#44
columna,423,Liban_Ep10#49
columna,424,Liban_Ep10#50
columna,425,Liban_Ep10#61
columna,426,Liban_Ep10#62
columna,427,Liban_Ep10#66
columna,428,Liban_Ep10#68
columna,429,Liban_Ep10#70
columna,430,Liban_Ep10#72
columna,431,Liban_Ep10#75
columna,432,Liban_Ep10#80
columna,433,Liban_Ep10#81
columna,434,Liban_Ep10#86
columna,435,Liban_Ep10#88
columna,436,Liban_Ep10#89
columna,437,Liban_Ep10#95
columna,438,Liban_Ep10#97
columna,439,Liban_Ep10#101
columna,440,Liban_Ep10#110
columna,441,Liban_Ep10#112
columna,442,Liban_Ep10#113
columna,443,Liban_Ep10#114
columna,444,Liban_Ep10#115
columna,445,Liban_Ep10#119
columna,446,Liban_Ep10#127
columna,447,Liban_Ep10#150
columna,448,Liban_Ep10#163
columna,449,Liban_Ep10#173
columna,450,Liban_Ep10#175
columna,451,Liban_Ep10#192
columna,452,Liban_Ep10#195
columna,453,Liban_Ep10#196
columna,454,Liban_Ep10#197
columna,455,Liban_Ep10#203
columna,456,Liban_Ep10#207
columna,457,Liban_Ep10#208
columna,458,Liban_Ep10#217
columna,459,Liban_Ep10#218
columna,460,Liban_Ep10#219
columna,461,Liban_Ep10#224
columna,462,Liban_Ep10#226
columna,463,Liban_Ep10#236
columna,464,Liban_Ep10#238
columna,465,Liban_Ep10#239
columna,466,Liban_Ep10#240
columna,467,Liban_Ep10#245
columna,468,Liban_Ep10#251
columna,469,Liban_Ep10#252
columna,470,Liban_Ep10#255
columna,471,Liban_Ep10#256
columna,472,Liban_Ep10#267
columna,473,Liban_Ep10#269
columna,474,Liban_Ep10#274
columna,475,Liban_Ep10#281
columna,476,Liban_Ep10#282
columna,477,Liban_Ep10#283
columna,478,Liban_Ep10#298
columna,479,Liban_Ep10#309
columna,480,Liban_Ep10#314
columna,481,Liban_Ep10#315
columna,482,Liban_Ep10#316
columna,483,Liban_Ep10#319
columna,484,Liban_Ep10#326
columna,485,Liban_Ep10#330
columna,486,Liban_Ep10#331
columna,487,Liban_Ep10#333
columna,488,Liban_Ep10#336
columna,489,Liban_Ep10#339
columna,490,Liban_Ep10#340
columna,491,Liban_Ep10#348
columna,492,Liban_Ep10#352
columna,493,Liban_Ep10#358
columna,494,Liban_Ep10#359
columna,495,Liban_Ep10#362
columna,496,Liban_Ep10#364
columna,497,Liban_Ep10#366
columna,498,Liban_Ep10#368
columna,499,Liban_Ep10#369
columna,500,Liban_Ep10#371
columna,501,Liban_Ep10#374
columna,502,Liban_Ep10#375
columna,503,Liban_Ep10#376
columna,504,Liban_Ep10#379
columna,505,Liban_Ep10#386
columna,506,Liban_Ep10#390
columna,507,Liban_Ep10#391
columna,508,Liban_Ep10#399
columna,509,Liban_Ep10#400
columna,510,Liban_Ep10#405
columna,511,Liban_Ep10#411
columna,512,Liban_Ep10#425
columna,513,Liban_Ep10#430
columna,514,Liban_Ep10#432
columna,515,Liban_Ep10#435
columna,516,Liban_Ep10#438
columna,517,Liban_Ep10#441
columna,518,Liban_Ep10#454
columna,519,Liban_Ep10#481
columna,520,Liban_Ep10#490
columna,521,Liban_Ep10#492
columna,522,Liban_Ep10#493
columna,523,Liban_Ep10#495
columna,524,Liban_Ep10#497
columna,525,Liban_Ep10#503
columna,526,Liban_Ep10#504
columna,527,Liban_Ep10#509
columna,528,Liban_Ep10#510
columna,529,Liban_Ep10#516
columna,530,Liban_Ep10#528
columna,531,Liban_Ep10#535
columna,532,Liban_Ep10#552
columna,533,Liban_Ep10#555
columna,534,Liban_Ep10#557
columna,535,Liban_Ep10#560
columna,536,Liban_Ep10#561
columna,537,Liban_Ep10#562
columna,538,Liban_Ep10#563
columna,539,Liban_Ep10#578
columna,540,Liban_Ep10#580
columna,541,Liban_Ep10#604
columna,542,Liban_Ep10#620
columna,543,Liban_Ep10#625
columna,544,Liban_Ep10#636
columna,545,Liban_Ep10#651
columna,546,Liban_Ep10#658
columna,547,Liban_Ep10#659
columna,548,Liban_Ep10#666
columna,549,Liban_Ep10#673
columna,550,Liban_Ep10#693
columna,551,Liban_Ep10#694
columna,552,Liban_Ep10#695
columna,553,Liban_Ep10#696
columna,554,Liban_Ep10#715
columna,555,Liban_Ep10#730
columna,556,Liban_Ep10#731
columna,557,Liban_Ep10#732
columna,558,Liban_Ep10#735
columna,559,Liban_Ep10#739
columna,560,Liban_Ep10#741
columna,561,Liban_Ep10#754
columna,562,Liban_Ep10#756
columna,563,Liban_Ep10#758
columna,564,Liban_Ep10#763
columna,565,Liban_Ep10#770
columna,566,Liban_Ep10#773
columna,567,Liban_Ep10#777
columna,568,Liban_Ep10#779
columna,569,Liban_Ep10#791
columna,570,Liban_Ep10#793
columna,571,Liban_Ep10#796
columna,572,Liban_Ep10#797
columna,573,Liban_Ep10#799
columna,574,Liban_Ep10#802
columna,575,Liban_Ep10#803
columna,576,Liban_Ep10#808
columna,577,Liban_Ep10#810
columna,578,Liban_Ep10#811
columna,579,Liban_Ep10#814
columna,580,Liban_Ep10#819
columna,581,Liban_Ep10#833
columna,582,Liban_Ep10#835
columna,583,Liban_Ep10#838
columna,584,Liban_Or1
columna,585,Liban_Or2
columna,586,Liban_Or11
columna,587,Liban_Or30
columna,588,Liban_Or47
columna,589,Liban_Or64
columna,590,Jul_Or1
columna,591,Jul_Or2
columna,592,Jul_Or3
columna,593,Jul_Or4
columna,594,Jul_EpAth
columna,595,Jul_EpThem
columna,596,Jul_Or7
columna,597,Jul_Or9
columna,598,Jul_Misop
columna,599,Alciphr10#1
columna,600,Alciphr10#2
columna,601,Alciphr10#3
columna,602,Alciphr10#4
columna,603,Ael_EpRust
columna,604,Ael_VH#1
columna,605,Ael_VH#2
columna,606,Ael_VH#3
columna,607,Ael_VH#4
columna,608,Ael_VH#5
columna,609,Ael_VH#6
columna,610,Ael_VH#7
columna,611,Ael_VH#8
columna,612,Ael_VH#9
columna,613,Ael_VH#10
columna,614,Ael_VH#11
columna,615,Ael_VH#12
columna,616,Ael_VH#13
columna,617,Ael_VH#14
columna,618,Plot_Enn#1
columna,619,Plot_Enn#2
columna,620,Plot_Enn#3
columna,621,Plot_Enn#4
columna,622,Plot_Enn#5
columna,623,Plot_Enn#6
columna,624,Porph_VPyth
columna,625,Porph_Abst#1
columna,626,Porph_Abst#2
columna,627,Porph_Abst#3
columna,628,Porph_Abst#4
columna,629,Porph_Marc
