features,model,id,kind,p_media,pct_neg,pct_nucleo
mfw:300,svm,Rom,core_loo,0.08307165953276754,0.9888727624576681,0.16666666666666666
mfw:300,svm,1Cor,core_loo,0.17919294887151965,0.99225931301403,0.6666666666666666
mfw:300,svm,2Cor,core_loo,0.465416762000121,0.9985486211901307,1.0
mfw:300,svm,Gal,core_loo,0.39793042527746864,0.9985486211901307,0.8333333333333334
mfw:300,svm,Flp,core_loo,0.1779253669285359,0.99225931301403,0.5
mfw:300,svm,1Tes,core_loo,0.04949461751166877,0.98451862602806,0.0
mfw:300,svm,Flm,core_loo,0.09960108662556162,0.9903241412675375,0.3333333333333333
mfw:300,svm,Ef,target,0.15854680064686907,0.9908079342041606,0.42857142857142855
mfw:300,svm,Col,target,0.19480570802254726,0.99225931301403,0.7142857142857143
mfw:300,svm,2Tes,target,0.14882895798364024,0.9908079342041606,0.42857142857142855
mfw:300,svm,1Tim,target,0.10936710518118035,0.9903241412675375,0.42857142857142855
mfw:300,svm,2Tim,target,0.15887751047672155,0.9908079342041606,0.42857142857142855
mfw:300,svm,Tit,target,0.19973003749731436,0.9927431059506531,0.7142857142857143
mfw:300,logistic,Rom,core_loo,0.8403289830039948,0.9970972423802612,0.16666666666666666
mfw:300,logistic,1Cor,core_loo,0.9178582084537197,0.9970972423802612,0.5
mfw:300,logistic,2Cor,core_loo,0.9998522624082823,0.9990324141267537,1.0
mfw:300,logistic,Gal,core_loo,0.9970954504069394,0.9980648282535075,0.8333333333333334
mfw:300,logistic,Flp,core_loo,0.8982502048337304,0.9970972423802612,0.3333333333333333
mfw:300,logistic,1Tes,core_loo,0.8168179931847876,0.9970972423802612,0.0
mfw:300,logistic,Flm,core_loo,0.992104112015185,0.9975810353168844,0.6666666666666666
mfw:300,logistic,Ef,target,0.8583232290343465,0.9970972423802612,0.2857142857142857
mfw:300,logistic,Col,target,0.832022091711078,0.9970972423802612,0.14285714285714285
mfw:300,logistic,2Tes,target,0.9981736695088387,0.9980648282535075,0.8571428571428571
mfw:300,logistic,1Tim,target,0.9120506862951232,0.9970972423802612,0.42857142857142855
mfw:300,logistic,2Tim,target,0.8620823180276167,0.9970972423802612,0.2857142857142857
mfw:300,logistic,Tit,target,0.9858606026763955,0.9975810353168844,0.5714285714285714
closed:150,svm,Rom,core_loo,0.2183584220101203,0.9932268988872762,0.16666666666666666
closed:150,svm,1Cor,core_loo,0.25735486707099503,0.9946782776971457,0.3333333333333333
closed:150,svm,2Cor,core_loo,0.49877199289752755,0.9985486211901307,0.8333333333333334
closed:150,svm,Gal,core_loo,0.38799189519145505,0.9975810353168844,0.6666666666666666
closed:150,svm,Flp,core_loo,0.350756098279915,0.9970972423802612,0.5
closed:150,svm,1Tes,core_loo,0.5157147961865213,0.9985486211901307,1.0
closed:150,svm,Flm,core_loo,0.07673378230970258,0.980648282535075,0.0
closed:150,svm,Ef,target,0.2410995504212777,0.9937106918238994,0.2857142857142857
closed:150,svm,Col,target,0.10645345206266987,0.98451862602806,0.14285714285714285
closed:150,svm,2Tes,target,0.04105116147422971,0.9627479438800194,0.0
closed:150,svm,1Tim,target,0.22327679294628325,0.9932268988872762,0.2857142857142857
closed:150,svm,2Tim,target,0.0451547109957387,0.9656507014997581,0.0
closed:150,svm,Tit,target,0.19200360662053942,0.9927431059506531,0.14285714285714285
closed:150,logistic,Rom,core_loo,0.8215320725941592,0.9932268988872762,0.5
closed:150,logistic,1Cor,core_loo,0.6556700545822861,0.9903241412675375,0.16666666666666666
closed:150,logistic,2Cor,core_loo,0.9491753403393826,0.9956458635703919,0.6666666666666666
closed:150,logistic,Gal,core_loo,0.9984135284618632,0.9980648282535075,1.0
closed:150,logistic,Flp,core_loo,0.6689145256307008,0.9908079342041606,0.3333333333333333
closed:150,logistic,1Tes,core_loo,0.986393211027784,0.9970972423802612,0.8333333333333334
closed:150,logistic,Flm,core_loo,0.01546693858051212,0.9487179487179487,0.0
closed:150,logistic,Ef,target,0.7582156560703648,0.9927431059506531,0.42857142857142855
closed:150,logistic,Col,target,0.6647806552052599,0.9908079342041606,0.2857142857142857
closed:150,logistic,2Tes,target,0.03146876289897906,0.9569424286405418,0.14285714285714285
closed:150,logistic,1Tim,target,0.9421127099862021,0.9956458635703919,0.5714285714285714
closed:150,logistic,2Tim,target,0.47012456959353605,0.9859700048379294,0.14285714285714285
closed:150,logistic,Tit,target,0.8080341493026386,0.9932268988872762,0.42857142857142855
char3:600,svm,Rom,core_loo,0.021437129204336214,0.9898403483309144,0.0
char3:600,svm,1Cor,core_loo,0.06158120560365524,0.9951620706337687,0.3333333333333333
char3:600,svm,2Cor,core_loo,0.16810123668470095,0.9990324141267537,0.8333333333333334
char3:600,svm,Gal,core_loo,0.16430454443472609,0.9990324141267537,0.6666666666666666
char3:600,svm,Flp,core_loo,0.07757265230769218,0.996129656507015,0.5
char3:600,svm,1Tes,core_loo,0.027640348980724698,0.99225931301403,0.16666666666666666
char3:600,svm,Flm,core_loo,0.1954110889307055,0.9990324141267537,1.0
char3:600,svm,Ef,target,0.09881259965321082,0.9975810353168844,0.5714285714285714
char3:600,svm,Col,target,0.09419583598017765,0.9970972423802612,0.5714285714285714
char3:600,svm,2Tes,target,0.09628523168514276,0.9970972423802612,0.5714285714285714
char3:600,svm,1Tim,target,0.02795259355687987,0.99225931301403,0.2857142857142857
char3:600,svm,2Tim,target,0.04994462012330995,0.9946782776971457,0.2857142857142857
char3:600,svm,Tit,target,0.016266462731367688,0.9830672472181906,0.0
char3:600,logistic,Rom,core_loo,0.8852935963372915,0.9985486211901307,0.0
char3:600,logistic,1Cor,core_loo,0.9095460377608744,0.9985486211901307,0.16666666666666666
char3:600,logistic,2Cor,core_loo,0.9984123521834749,1.0,0.8333333333333334
char3:600,logistic,Gal,core_loo,0.9960391438665628,0.9995162070633768,0.6666666666666666
char3:600,logistic,Flp,core_loo,0.9959070313395432,0.9995162070633768,0.5
char3:600,logistic,1Tes,core_loo,0.9219179375696944,0.9985486211901307,0.3333333333333333
char3:600,logistic,Flm,core_loo,0.9998897193182769,1.0,1.0
char3:600,logistic,Ef,target,0.8871989356824508,0.9985486211901307,0.14285714285714285
char3:600,logistic,Col,target,0.9707949080389975,0.9995162070633768,0.42857142857142855
char3:600,logistic,2Tes,target,0.9763335754100307,0.9995162070633768,0.42857142857142855
char3:600,logistic,1Tim,target,0.4572038776782999,0.9946782776971457,0.0
char3:600,logistic,2Tim,target,0.501272887654244,0.9946782776971457,0.0
char3:600,logistic,Tit,target,0.07308614559527905,0.9879051765844219,0.0
lemma_dict:300,svm,Rom,core_loo,0.040189588578221254,0.9864537977745524,0.0
lemma_dict:300,svm,1Cor,core_loo,0.07070306269819851,0.9912917271407837,0.16666666666666666
lemma_dict:300,svm,2Cor,core_loo,0.21519357763063818,0.9975810353168844,0.5
lemma_dict:300,svm,Gal,core_loo,0.3059912691253762,0.9980648282535075,0.8333333333333334
lemma_dict:300,svm,Flp,core_loo,0.23665605026524264,0.9975810353168844,0.6666666666666666
lemma_dict:300,svm,1Tes,core_loo,0.16524345851865957,0.996129656507015,0.3333333333333333
lemma_dict:300,svm,Flm,core_loo,0.49640748161859366,0.9990324141267537,1.0
lemma_dict:300,svm,Ef,target,0.12305346632631925,0.9932268988872762,0.2857142857142857
lemma_dict:300,svm,Col,target,0.05938083233609966,0.9898403483309144,0.14285714285714285
lemma_dict:300,svm,2Tes,target,0.10192915281867639,0.9932268988872762,0.2857142857142857
lemma_dict:300,svm,1Tim,target,0.08192306804141634,0.99225931301403,0.2857142857142857
lemma_dict:300,svm,2Tim,target,0.020600548566276133,0.9685534591194969,0.0
lemma_dict:300,svm,Tit,target,0.01283647106454965,0.9167876149008225,0.0
lemma_dict:300,logistic,Rom,core_loo,0.7637840632807633,0.9941944847605225,0.0
lemma_dict:300,logistic,1Cor,core_loo,0.7750420740335348,0.9941944847605225,0.16666666666666666
lemma_dict:300,logistic,2Cor,core_loo,0.9957305848000961,0.9995162070633768,0.6666666666666666
lemma_dict:300,logistic,Gal,core_loo,0.9985330837548078,0.9995162070633768,0.8333333333333334
lemma_dict:300,logistic,Flp,core_loo,0.932138789054879,0.9966134494436382,0.3333333333333333
lemma_dict:300,logistic,1Tes,core_loo,0.9558921306195367,0.9970972423802612,0.5
lemma_dict:300,logistic,Flm,core_loo,0.9998794029688504,0.9995162070633768,1.0
lemma_dict:300,logistic,Ef,target,0.9137269468348826,0.9966134494436382,0.2857142857142857
lemma_dict:300,logistic,Col,target,0.7984049384311594,0.9941944847605225,0.2857142857142857
lemma_dict:300,logistic,2Tes,target,0.9837831737997494,0.9980648282535075,0.5714285714285714
lemma_dict:300,logistic,1Tim,target,0.44605285524503935,0.9908079342041606,0.0
lemma_dict:300,logistic,2Tim,target,0.15477196092062184,0.9854862119013063,0.0
lemma_dict:300,logistic,Tit,target,0.04915342600518142,0.9787131107885825,0.0
