carta,edicion,metrica,mascara,tokens_sblgnt,tokens_edicion,d_mean,d_ic_inf,d_ic_sup,d_ventanas_independientes,d_sblgnt_consigo_misma_ventanas_independientes,d_nucleo_min,d_nucleo_mediana,pct_entre_cartas_nucleo,menor_que_toda_distancia_del_nucleo,nota
Rom,tischendorf,delta,none,7044,7048,0.0660380655708233,0.03202801104970994,0.11998864032439886,0.6446377219270477,0.5623739879828731,0.5574564889007627,0.6578730364456365,0.0,True,recorte simétrico a 429 de 430 versículos de SBLGNT
1Cor,tischendorf,delta,none,6812,6828,0.05190762376713248,0.027200817671226875,0.08416775999186944,0.5913290327077181,0.6743183240838709,0.5574564889007627,0.6578730364456365,0.0,True,
2Cor,tischendorf,delta,none,4473,4474,0.06865194306009918,0.016267869573009387,0.10632415469256513,0.5817718939489848,0.4625037837479257,0.5574564889007627,0.6578730364456365,0.0,True,
Gal,tischendorf,delta,none,2226,2227,0.07642502558574876,0.04799844567883296,0.12198923280341213,0.4656535995763722,0.4445049290675521,0.5574564889007627,0.6578730364456365,0.0,True,
Flp,tischendorf,delta,none,1626,1626,0.05838048429081431,0.03617021775062513,0.07698707650248396,0.4027679378884453,0.3976153540104338,0.5574564889007627,0.6578730364456365,0.0,True,
1Tes,tischendorf,delta,none,1473,1476,0.05438261465438847,0.03527786501685215,0.07438447151872526,0.3807546591323529,0.3991911050705994,0.5574564889007627,0.6578730364456365,0.0,True,
Flm,tischendorf,delta,none,334,336,0.03427596859405964,0.034275968594059625,0.034275968594059625,0.03427596859405964,0.0,0.5574564889007627,0.6578730364456365,0.0,True,
Ef,tischendorf,delta,none,2416,2413,0.036995679328248064,0.02404016641383709,0.06247303279817743,0.41148897105118276,0.40960256747275514,0.5574564889007627,0.6578730364456365,0.0,True,
Col,tischendorf,delta,none,1580,1577,0.04351882116266019,0.023545952408406,0.08459322124275422,0.33187921409857557,0.3878478611016899,0.5574564889007627,0.6578730364456365,0.0,True,
2Tes,tischendorf,delta,none,820,822,0.09121349156646379,0.0766075623992096,0.10476538225508922,0.22889362607133729,0.15879192398373607,0.5574564889007627,0.6578730364456365,0.0,True,
1Tim,tischendorf,delta,none,1591,1589,0.026823123228735025,0.0014516340390349207,0.04548602275114652,0.37553437421989727,0.32934950074213243,0.5574564889007627,0.6578730364456365,0.0,True,
2Tim,tischendorf,delta,none,1235,1237,0.04917052657556343,0.021241276359425316,0.06926126345863477,0.33903992929467897,0.3284037818794396,0.5574564889007627,0.6578730364456365,0.0,True,
Tit,tischendorf,delta,none,659,658,0.058540781789287656,0.05357187080317807,0.06745202717586907,0.1427181393510122,0.07325603767192491,0.5574564889007627,0.6578730364456365,0.0,True,
Heb,tischendorf,delta,none,4560,4574,0.07195412289327546,0.03535225059312758,0.12809837115881959,0.6714173936830615,0.6180280690741322,0.5574564889007627,0.6578730364456365,0.0,True,recorte simétrico a 278 de 303 versículos de SBLGNT
Rom,nestle1904,delta,none,7044,7045,0.06692521722573445,0.03245031677696836,0.10502865292952784,0.6440977014191975,0.607185765290964,0.5574564889007627,0.6578730364456365,0.0,True,recorte simétrico a 429 de 430 versículos de SBLGNT
1Cor,nestle1904,delta,none,6812,6820,0.05182215693349472,0.01982214097099982,0.09263417849969185,0.7075875224880688,0.649254860228866,0.5574564889007627,0.6578730364456365,0.0,True,
2Cor,nestle1904,delta,none,4473,4469,0.0723905539492978,0.03417990925823585,0.09749602097401891,0.5614836971997803,0.5515674257969018,0.5574564889007627,0.6578730364456365,0.0,True,
Gal,nestle1904,delta,none,2226,2228,0.06800847330599227,0.038426826330859594,0.11087706440336405,0.5459565595396554,0.466345326772123,0.5574564889007627,0.6578730364456365,0.0,True,
Flp,nestle1904,delta,none,1626,1630,0.056148657675496774,0.028648030305701896,0.07055020848370101,0.4429474657720521,0.3569219333229384,0.5574564889007627,0.6578730364456365,0.0,True,
1Tes,nestle1904,delta,none,1473,1473,0.03909730691613753,0.029795964798023374,0.06618168227044674,0.5207765325627602,0.35178479063593737,0.5574564889007627,0.6578730364456365,0.0,True,
Flm,nestle1904,delta,none,334,335,0.018437658837349897,0.0184376588373499,0.0184376588373499,0.018437658837349897,0.0,0.5574564889007627,0.6578730364456365,0.0,True,
Ef,nestle1904,delta,none,2416,2419,0.03340666126431104,0.02037735042866327,0.05353583710023494,0.4124660511151229,0.39072901094821233,0.5574564889007627,0.6578730364456365,0.0,True,
Col,nestle1904,delta,none,1580,1575,0.0406593903901344,0.02391534477108817,0.05501820154018304,0.3861046118341809,0.376375732040787,0.5574564889007627,0.6578730364456365,0.0,True,
2Tes,nestle1904,delta,none,820,822,0.08661237879455527,0.07697994358366163,0.09500972997179503,0.26080252043076624,0.15533638390160698,0.5574564889007627,0.6578730364456365,0.0,True,
1Tim,nestle1904,delta,none,1591,1588,0.025198786762364794,0.0,0.040101579729510325,0.49340026944539694,0.3849510794274601,0.5574564889007627,0.6578730364456365,0.0,True,
2Tim,nestle1904,delta,none,1235,1237,0.05114169065365409,0.03124766456568884,0.06417438879806196,0.4193494668153094,0.3035251238082402,0.5574564889007627,0.6578730364456365,0.0,True,
Tit,nestle1904,delta,none,659,658,0.05050900667079524,0.04224342454354874,0.058631832704836566,0.16351217262562498,0.10334225080488613,0.5574564889007627,0.6578730364456365,0.0,True,
Heb,nestle1904,delta,none,4935,4955,0.08211105916406254,0.034309435379907396,0.12471989152469902,0.6572210953373906,0.6048360209185749,0.5574564889007627,0.6578730364456365,0.0,True,
Rom,tischendorf,delta,formulae+preformed+otq+reuse,7044,7048,0.06478753921716499,0.03167759082599964,0.1178409021004934,0.6025453813087369,0.5195813951742064,0.579975507997698,0.6574971607000762,0.0,True,recorte simétrico a 429 de 430 versículos de SBLGNT
1Cor,tischendorf,delta,formulae+preformed+otq+reuse,6812,6828,0.053089405192665584,0.028069026413433572,0.07459448885916056,0.5685037414631376,0.6395052800187165,0.579975507997698,0.6574971607000762,0.0,True,
2Cor,tischendorf,delta,formulae+preformed+otq+reuse,4473,4474,0.0697096270939851,0.029653232701582957,0.10625450150343434,0.5568808811785415,0.4456618996443373,0.579975507997698,0.6574971607000762,0.0,True,
Gal,tischendorf,delta,formulae+preformed+otq+reuse,2226,2227,0.07462472826853114,0.04709657823893075,0.11141642437345409,0.43325486260004553,0.3918586067520689,0.579975507997698,0.6574971607000762,0.0,True,
Flp,tischendorf,delta,formulae+preformed+otq+reuse,1626,1626,0.05338809019036809,0.02585170832010286,0.07521865601704146,0.34080442085332596,0.33131444881665245,0.579975507997698,0.6574971607000762,0.0,True,
1Tes,tischendorf,delta,formulae+preformed+otq+reuse,1473,1476,0.044729504155979094,0.023772613749921,0.0758282443932101,0.3114129724017589,0.3176021471445828,0.579975507997698,0.6574971607000762,0.0,True,
Flm,tischendorf,delta,formulae+preformed+otq+reuse,334,336,0.03465470194536994,0.034654701945369945,0.034654701945369945,0.03465470194536994,0.0,0.579975507997698,0.6574971607000762,0.0,True,
Ef,tischendorf,delta,formulae+preformed+otq+reuse,2416,2413,0.046669335127150116,0.026042906200387905,0.0758252344291539,0.2950495137265653,0.297247407415784,0.579975507997698,0.6574971607000762,0.0,True,
Col,tischendorf,delta,formulae+preformed+otq+reuse,1580,1577,0.03417789383281512,0.02370872694076072,0.051099202827320354,0.1758628531751127,0.20398831004040097,0.579975507997698,0.6574971607000762,0.0,True,
2Tes,tischendorf,delta,formulae+preformed+otq+reuse,820,822,0.09620895908580368,0.0911758845344659,0.10403075421329423,0.11379440588245837,0.022626060555523318,0.579975507997698,0.6574971607000762,0.0,True,
1Tim,tischendorf,delta,formulae+preformed+otq+reuse,1591,1589,0.024788075433638028,0.00145882451628801,0.036599119284986395,0.3225995242791474,0.2837183901425647,0.579975507997698,0.6574971607000762,0.0,True,
2Tim,tischendorf,delta,formulae+preformed+otq+reuse,1235,1237,0.04294552695819858,0.021367641394699287,0.06294686665679632,0.25521999590357536,0.25142111826603086,0.579975507997698,0.6574971607000762,0.0,True,
Tit,tischendorf,delta,formulae+preformed+otq+reuse,659,658,0.03291093790119771,0.03291093790119771,0.03291093790119771,0.03291093790119771,0.0,0.579975507997698,0.6574971607000762,0.0,True,
Heb,tischendorf,delta,formulae+preformed+otq+reuse,4560,4574,0.07290011463392698,0.03752015113070567,0.11945414415606007,0.5736610139740081,0.4593723842377946,0.579975507997698,0.6574971607000762,0.0,True,recorte simétrico a 278 de 303 versículos de SBLGNT
Rom,nestle1904,delta,formulae+preformed+otq+reuse,7044,7045,0.06176771468915809,0.02956690749972852,0.10546084423272294,0.6050140838081041,0.5827733526551842,0.579975507997698,0.6574971607000762,0.0,True,recorte simétrico a 429 de 430 versículos de SBLGNT
1Cor,nestle1904,delta,formulae+preformed+otq+reuse,6812,6820,0.049102063203878096,0.026079793570340504,0.07909996983113383,0.6969514509509661,0.650560024118126,0.579975507997698,0.6574971607000762,0.0,True,
2Cor,nestle1904,delta,formulae+preformed+otq+reuse,4473,4469,0.07074809406839144,0.02810065196210388,0.08382996086793026,0.5713248344883683,0.5106134795216797,0.579975507997698,0.6574971607000762,0.0,True,
Gal,nestle1904,delta,formulae+preformed+otq+reuse,2226,2228,0.06331089198701344,0.040936147907063423,0.10704497175449297,0.49209268145496915,0.48726467257116857,0.579975507997698,0.6574971607000762,0.0,True,
Flp,nestle1904,delta,formulae+preformed+otq+reuse,1626,1630,0.059112573482168515,0.0270214676923987,0.07282324399396736,0.342673057612573,0.29689330220855936,0.579975507997698,0.6574971607000762,0.0,True,
1Tes,nestle1904,delta,formulae+preformed+otq+reuse,1473,1473,0.03572338744774396,0.023029825398011572,0.06872572861256639,0.34239238518329784,0.2839861587644351,0.579975507997698,0.6574971607000762,0.0,True,
Flm,nestle1904,delta,formulae+preformed+otq+reuse,334,335,0.007703766836927035,0.007703766836927036,0.007703766836927036,0.007703766836927035,0.0,0.579975507997698,0.6574971607000762,0.0,True,
Ef,nestle1904,delta,formulae+preformed+otq+reuse,2416,2419,0.035650342881327145,0.022429246818898737,0.06221716545616334,0.3869697050772104,0.28691376867761986,0.579975507997698,0.6574971607000762,0.0,True,
Col,nestle1904,delta,formulae+preformed+otq+reuse,1580,1575,0.03298132595863641,0.024962266938639992,0.040367286669107494,0.1950863954546175,0.13587797833627654,0.579975507997698,0.6574971607000762,0.0,True,
2Tes,nestle1904,delta,formulae+preformed+otq+reuse,820,822,0.09051351358751243,0.08836823073791467,0.09402495508921652,0.1111164614902258,0.029608205297937378,0.579975507997698,0.6574971607000762,0.0,True,
1Tim,nestle1904,delta,formulae+preformed+otq+reuse,1591,1588,0.023017459236614832,0.0005960871990316832,0.038906479300719145,0.43716138947858163,0.33675706617691586,0.579975507997698,0.6574971607000762,0.0,True,
2Tim,nestle1904,delta,formulae+preformed+otq+reuse,1235,1237,0.05144141000488013,0.0320806203390913,0.07267769313976154,0.3444097980918183,0.24518549592696853,0.579975507997698,0.6574971607000762,0.0,True,
Tit,nestle1904,delta,formulae+preformed+otq+reuse,659,658,0.025827168427425044,0.025827168427425048,0.025827168427425048,0.025827168427425044,0.0,0.579975507997698,0.6574971607000762,0.0,True,
Heb,nestle1904,delta,formulae+preformed+otq+reuse,4935,4955,0.08297362110522413,0.04223066432938651,0.12990724527374392,0.5912674747266833,0.5058832496810162,0.579975507997698,0.6574971607000762,0.0,True,
Rom,sinaiticus,delta,none,6968,7072,0.1113424084184382,0.049613021218253874,0.17326472350903066,0.6413526941830417,0.5622210227503819,0.5610781313528952,0.6618784202322509,0.0,True,recorte simétrico por palabras conservadas (derivados del testigo)
1Cor,sinaiticus,delta,none,6690,6761,0.0668471980104487,0.04155852215323525,0.08834591707233214,0.5883569895505698,0.6785942337646752,0.5610781313528952,0.6618784202322509,0.0,True,recorte simétrico por palabras conservadas (derivados del testigo)
2Cor,sinaiticus,delta,none,4438,4460,0.05658188335795615,0.008274641127109876,0.10245787417394675,0.5691437317707547,0.46195203693215625,0.5610781313528952,0.6618784202322509,0.0,True,recorte simétrico por palabras conservadas (derivados del testigo)
Gal,sinaiticus,delta,none,2189,2210,0.07893169591980878,0.044233230938300776,0.12905693148770472,0.4523900311631029,0.4432592076603584,0.5610781313528952,0.6618784202322509,0.0,True,recorte simétrico por palabras conservadas (derivados del testigo)
Flp,sinaiticus,delta,none,1603,1624,0.06946019928115979,0.047866772318253335,0.07846325312947999,0.39782760821803603,0.3979742309023786,0.5610781313528952,0.6618784202322509,0.0,True,recorte simétrico por palabras conservadas (derivados del testigo)
1Tes,sinaiticus,delta,none,1460,1508,0.07770824028259961,0.03732602963144225,0.13066088507606632,0.37909132824706315,0.3990430110942743,0.5610781313528952,0.6618784202322509,0.0,True,recorte simétrico por palabras conservadas (derivados del testigo)
Flm,sinaiticus,delta,none,329,331,0.011412730068142255,0.011412730068142255,0.011412730068142255,0.011412730068142255,0.0,0.5610781313528952,0.6618784202322509,0.0,True,recorte simétrico por palabras conservadas (derivados del testigo)
Ef,sinaiticus,delta,none,2358,2401,0.05642547130956288,0.020823976758872043,0.08665104387913598,0.3987203354998967,0.4050914760662697,0.5610781313528952,0.6618784202322509,0.0,True,recorte simétrico por palabras conservadas (derivados del testigo)
Col,sinaiticus,delta,none,1542,1561,0.057446709695524234,0.039041180055996536,0.09657096103953586,0.3260126939159324,0.38084134030865335,0.5610781313528952,0.6618784202322509,0.0,True,recorte simétrico por palabras conservadas (derivados del testigo)
2Tes,sinaiticus,delta,none,809,818,0.07138515778491815,0.06333748118451879,0.08226899600531537,0.18932315700060062,0.15324150587820826,0.5610781313528952,0.6618784202322509,0.0,True,recorte simétrico por palabras conservadas (derivados del testigo)
1Tim,sinaiticus,delta,none,1566,1576,0.03700609313942986,0.022121157464114832,0.04976750580307798,0.36906361152371997,0.3254059570523721,0.5610781313528952,0.6618784202322509,0.0,True,recorte simétrico por palabras conservadas (derivados del testigo)
2Tim,sinaiticus,delta,none,1219,1226,0.04092837468701975,0.020029088639471795,0.0671000780250354,0.32275226012508795,0.32250982217207025,0.5610781313528952,0.6618784202322509,0.0,True,recorte simétrico por palabras conservadas (derivados del testigo)
Tit,sinaiticus,delta,none,649,655,0.07268650069985866,0.06394353720748833,0.09495740774558625,0.1481423737513797,0.06980274160035047,0.5610781313528952,0.6618784202322509,0.0,True,recorte simétrico por palabras conservadas (derivados del testigo)
Heb,sinaiticus,delta,none,4879,4927,0.07257351615101175,0.04304199678962362,0.0992273814156878,0.6651466727658502,0.6475326197712156,0.5610781313528952,0.6618784202322509,0.0,True,recorte simétrico por palabras conservadas (derivados del testigo)
Rom,p46,delta,none,2607,2704,0.13161295199258824,0.0948037076517366,0.1927616688350278,0.5560122563572061,0.5027189757814609,0.5610781313528952,0.6618784202322509,0.0,True,recorte simétrico por palabras conservadas (derivados del testigo)
1Cor,p46,delta,none,5769,5846,0.0796211350468193,0.054174174634627266,0.10632678064809278,0.6942988841071981,0.631670884384701,0.5610781313528952,0.6618784202322509,0.0,True,recorte simétrico por palabras conservadas (derivados del testigo)
2Cor,p46,delta,none,3685,3720,0.07233566965351712,0.045199536396234745,0.10082368419395923,0.5267465047730007,0.5319687815642931,0.5610781313528952,0.6618784202322509,0.0,True,recorte simétrico por palabras conservadas (derivados del testigo)
Gal,p46,delta,none,1735,1746,0.0930137563983928,0.06632857476061917,0.12568641116845902,0.47544345115121517,0.4051237926773421,0.5610781313528952,0.6618784202322509,0.0,True,recorte simétrico por palabras conservadas (derivados del testigo)
Flp,p46,delta,none,1223,1245,0.07457906926461938,0.058545512352572535,0.09536704126693092,0.39854366985019196,0.31373212644756854,0.5610781313528952,0.6618784202322509,0.0,True,recorte simétrico por palabras conservadas (derivados del testigo)
Ef,p46,delta,none,1988,2001,0.04427900155578453,0.022612252295033254,0.05774626063480061,0.45999620282150155,0.3720860552583768,0.5610781313528952,0.6618784202322509,0.0,True,recorte simétrico por palabras conservadas (derivados del testigo)
Col,p46,delta,none,978,985,0.048441473874589275,0.041382008726244535,0.060153245559036325,0.23282122629659918,0.1693889421994629,0.5610781313528952,0.6618784202322509,0.0,True,recorte simétrico por palabras conservadas (derivados del testigo)
Heb,p46,delta,none,4258,4299,0.08902752934724134,0.05608122621517118,0.13072064958302398,0.6512411532196719,0.6230223023119332,0.5610781313528952,0.6618784202322509,0.0,True,recorte simétrico por palabras conservadas (derivados del testigo)
Rom,sinaiticus,delta,formulae+preformed+otq+reuse,6968,7072,0.06549975428586567,0.035295451734012585,0.10822988065017011,0.6032822348391603,0.5257869251779858,0.582734696286016,0.6625742727773459,0.0,True,recorte simétrico por palabras conservadas (derivados del testigo)
1Cor,sinaiticus,delta,formulae+preformed+otq+reuse,6690,6761,0.06125885949767442,0.03978240889927002,0.07754606902591928,0.5565860601586465,0.6459140237428159,0.582734696286016,0.6625742727773459,0.0,True,recorte simétrico por palabras conservadas (derivados del testigo)
2Cor,sinaiticus,delta,formulae+preformed+otq+reuse,4438,4460,0.0582216385766968,0.01739781457173693,0.10252738614601727,0.5495060417095154,0.4490334777086179,0.582734696286016,0.6625742727773459,0.0,True,recorte simétrico por palabras conservadas (derivados del testigo)
Gal,sinaiticus,delta,formulae+preformed+otq+reuse,2189,2210,0.07602144050842922,0.04634227924437547,0.12845500939961274,0.42882016623470864,0.3901214374925904,0.582734696286016,0.6625742727773459,0.0,True,recorte simétrico por palabras conservadas (derivados del testigo)
Flp,sinaiticus,delta,formulae+preformed+otq+reuse,1603,1624,0.06712831673712125,0.03293953182885299,0.0882235537668051,0.33616453892041837,0.3296464300399216,0.582734696286016,0.6625742727773459,0.0,True,recorte simétrico por palabras conservadas (derivados del testigo)
1Tes,sinaiticus,delta,formulae+preformed+otq+reuse,1460,1508,0.06969140014259947,0.036524094572718255,0.11303179009440381,0.3131659675356971,0.31698450355997526,0.582734696286016,0.6625742727773459,0.0,True,recorte simétrico por palabras conservadas (derivados del testigo)
Flm,sinaiticus,delta,formulae+preformed+otq+reuse,329,331,0.007855084775952008,0.007855084775952008,0.007855084775952008,0.007855084775952008,0.0,0.582734696286016,0.6625742727773459,0.0,True,recorte simétrico por palabras conservadas (derivados del testigo)
Ef,sinaiticus,delta,formulae+preformed+otq+reuse,2358,2401,0.043465908222798444,0.019803739413567417,0.06528753637296177,0.28622135967219986,0.29285056408319565,0.582734696286016,0.6625742727773459,0.0,True,recorte simétrico por palabras conservadas (derivados del testigo)
Col,sinaiticus,delta,formulae+preformed+otq+reuse,1542,1561,0.051100954808641616,0.03954889513557228,0.06826827326730402,0.17206007120433725,0.19297322044703624,0.582734696286016,0.6625742727773459,0.0,True,recorte simétrico por palabras conservadas (derivados del testigo)
2Tes,sinaiticus,delta,formulae+preformed+otq+reuse,809,818,0.07899511114429535,0.07185216646439187,0.0851444972532735,0.08837190440201807,0.01628495360705983,0.582734696286016,0.6625742727773459,0.0,True,recorte simétrico por palabras conservadas (derivados del testigo)
1Tim,sinaiticus,delta,formulae+preformed+otq+reuse,1566,1576,0.0354280963104368,0.01297055208837743,0.05700905437182276,0.3164272510253491,0.2772639706087966,0.582734696286016,0.6625742727773459,0.0,True,recorte simétrico por palabras conservadas (derivados del testigo)
2Tim,sinaiticus,delta,formulae+preformed+otq+reuse,1219,1226,0.03626315590249022,0.016390006476063795,0.05662118057827782,0.2404506352936897,0.2534401360472161,0.582734696286016,0.6625742727773459,0.0,True,recorte simétrico por palabras conservadas (derivados del testigo)
Tit,sinaiticus,delta,formulae+preformed+otq+reuse,649,655,0.062195301400191895,0.062195301400191895,0.062195301400191895,0.062195301400191895,0.0,0.582734696286016,0.6625742727773459,0.0,True,recorte simétrico por palabras conservadas (derivados del testigo)
Heb,sinaiticus,delta,formulae+preformed+otq+reuse,4879,4927,0.07368991125095481,0.041662027035250966,0.12079149439329005,0.5511167622127005,0.4764148326922732,0.582734696286016,0.6625742727773459,0.0,True,recorte simétrico por palabras conservadas (derivados del testigo)
Rom,p46,delta,formulae+preformed+otq+reuse,2607,2704,0.09134210109236045,0.07541938672276302,0.11192776704181945,0.43575688210225644,0.45249793425055795,0.582734696286016,0.6625742727773459,0.0,True,recorte simétrico por palabras conservadas (derivados del testigo)
1Cor,p46,delta,formulae+preformed+otq+reuse,5769,5846,0.0862249698327775,0.05885360382470346,0.12508481191829313,0.6942548710506969,0.6338439247391414,0.582734696286016,0.6625742727773459,0.0,True,recorte simétrico por palabras conservadas (derivados del testigo)
2Cor,p46,delta,formulae+preformed+otq+reuse,3685,3720,0.07099934233851754,0.043365100811584276,0.0896059164379652,0.5496188332701617,0.4905452195712896,0.582734696286016,0.6625742727773459,0.0,True,recorte simétrico por palabras conservadas (derivados del testigo)
Gal,p46,delta,formulae+preformed+otq+reuse,1735,1746,0.0931066105114596,0.07228435012814553,0.12424824787652566,0.4077617824380978,0.3878649710769161,0.582734696286016,0.6625742727773459,0.0,True,recorte simétrico por palabras conservadas (derivados del testigo)
Flp,p46,delta,formulae+preformed+otq+reuse,1223,1245,0.06746083908499992,0.05107877753433165,0.08736892325491312,0.26866311806533905,0.22255405641476966,0.582734696286016,0.6625742727773459,0.0,True,recorte simétrico por palabras conservadas (derivados del testigo)
Ef,p46,delta,formulae+preformed+otq+reuse,1988,2001,0.04333081552025218,0.03598589369821911,0.055588080281879754,0.2910958948072928,0.2501256232607258,0.582734696286016,0.6625742727773459,0.0,True,recorte simétrico por palabras conservadas (derivados del testigo)
Col,p46,delta,formulae+preformed+otq+reuse,978,985,0.040441096462817086,0.03800045885708628,0.045354141141193044,0.09634042730175756,0.04389233562151327,0.582734696286016,0.6625742727773459,0.0,True,recorte simétrico por palabras conservadas (derivados del testigo)
Heb,p46,delta,formulae+preformed+otq+reuse,4258,4299,0.08778276828885126,0.054944678074773795,0.12351217647201843,0.5691853735595455,0.5141996161132397,0.582734696286016,0.6625742727773459,0.0,True,recorte simétrico por palabras conservadas (derivados del testigo)
