family,apta,id,kind,n_specs,score_median,score_q1,score_q3,score_min,score_max,frac_specs_ge_0_5,log10lr_epist_median,log10lr_epist_q1,log10lr_epist_q3,log10lr_epist_min,log10lr_epist_max,verbal_epist,log10lr_median,log10lr_q1,log10lr_q3,log10lr_cristiana_median,log10lr_cj_median
impostores,True,Rom,core_loo,16,0.855,0.7458333333333333,0.9158333333333333,0.5366666666666666,0.9366666666666666,1.0,1.0237720196890647,0.9234814227917556,1.2423515460515433,0.565042418338962,1.3749004012025483,apoyo moderado a H_mismo-autor,0.7523913996189395,0.5974226947683852,0.9048922510931185,0.5946877724024288,0.6445708834680361
impostores,True,1Cor,core_loo,16,0.7883333333333333,0.7183333333333333,0.8591666666666667,0.5566666666666666,0.9166666666666666,1.0,1.0471480658340777,0.7979487699123387,1.1463090759940373,0.6346073200455888,1.2195739664922611,apoyo moderado a H_mismo-autor,0.675433193252091,0.570412532762067,0.8018374636290905,0.5854844724718631,0.6358775447875875
impostores,True,2Cor,core_loo,16,0.9083333333333333,0.8908333333333334,0.9341666666666667,0.7766666666666666,0.9633333333333334,1.0,1.223764882396168,1.1064963540166628,1.2799498339952053,0.8567312870313666,1.3719527165610472,apoyo moderado a H_mismo-autor,0.9362702560228985,0.8038204177322122,0.962738189177843,0.7926207178645376,0.8366564366102287
impostores,True,Gal,core_loo,16,0.9083333333333333,0.8883333333333333,0.9341666666666667,0.63,0.97,1.0,1.1948607057334577,1.03640763523705,1.2606785008276806,0.8547245643076593,1.3905023397564094,apoyo moderado a H_mismo-autor,0.8796799304691809,0.7811968328807545,0.9756212363699039,0.7652011596751054,0.8126886751858264
impostores,True,Flp,core_loo,16,0.885,0.8400000000000001,0.9116666666666666,0.5733333333333334,0.9533333333333334,1.0,1.1329585889424436,0.9965197504238836,1.2484625122266588,0.6897263514889261,1.3689095835513176,apoyo moderado a H_mismo-autor,0.8271054456364948,0.6998005934456308,0.9436626430121422,0.7107466431863929,0.7581548478949738
impostores,True,1Tes,core_loo,16,0.8366666666666667,0.6958333333333333,0.8716666666666667,0.48,0.9233333333333333,0.9375,1.0505061489717056,0.79345417656643,1.1710353338725394,0.35235822835034775,1.2608450558444193,apoyo moderado a H_mismo-autor,0.7764501158735498,0.5364781114086798,0.8451303648290969,0.6023082707022482,0.6588855127870893
impostores,True,Flm,core_loo,16,0.9016666666666666,0.8608333333333333,0.9541666666666666,0.5266666666666666,0.9866666666666667,1.0,1.2069195710445786,0.9894392062134619,1.270337673468272,0.4383278070601435,1.4079780888039444,apoyo moderado a H_mismo-autor,0.9033377152075613,0.7124470234718439,0.9860726164151993,0.7896720834240898,0.8337260639654827
impostores,True,Ef,target,16,0.8333333333333334,0.71,0.8991666666666667,0.5766666666666667,0.9533333333333334,1.0,0.9911620896831943,0.8705322987095404,1.1916897923735321,0.6311221236522622,1.2866123212088836,apoyo débil a H_mismo-autor,0.7653554990009579,0.5572159224885602,0.8436556496895216,0.5809000644650378,0.6405671024381334
impostores,True,Col,target,16,0.8433333333333333,0.6950000000000001,0.8741666666666666,0.5066666666666667,0.93,1.0,0.9492114330274444,0.7725912302572483,1.1565846396219714,0.4548167571133016,1.3831563838782086,apoyo débil a H_mismo-autor,0.7285330328705104,0.5377566660902524,0.8471203323514375,0.5331152861252618,0.5918560995792066
impostores,True,2Tes,target,16,0.8416666666666667,0.8075,0.8908333333333334,0.5466666666666666,0.9266666666666666,1.0,1.0804844133320128,0.8985694311651111,1.1941912203565024,0.5065844563243951,1.285471106211519,apoyo moderado a H_mismo-autor,0.8141922515587268,0.6968554482126618,0.8781765155168687,0.6564621279163285,0.7068551723214098
impostores,True,1Tim,target,16,0.7816666666666667,0.4683333333333333,0.8575,0.24,0.9166666666666666,0.6875,0.8770458250347394,0.263377650693053,1.0483153887524665,-0.96931868356931,1.2247146683270518,apoyo débil a H_mismo-autor,0.5844410037819661,0.22954626198802372,0.7693726349518795,0.41609331448816717,0.4671110205024894
impostores,True,2Tim,target,16,0.7250000000000001,0.5041666666666667,0.845,0.37,0.9166666666666666,0.75,0.709044174516207,0.3491157237172676,1.0248670613684792,-0.30054127703414923,1.2214021045247354,apoyo débil a H_mismo-autor,0.5072338752746972,0.29058634318287574,0.7536961286719296,0.3262252110560955,0.3851513152459799
impostores,True,Tit,target,16,0.6066666666666667,0.3391666666666666,0.7716666666666666,0.06666666666666667,0.9533333333333334,0.6875,0.4977821616953146,-0.29075998495582506,1.027011559620035,-1.6438780199044098,1.2214021045247354,apoyo débil a H_mismo-autor,0.3178540782736554,-0.05221256602668064,0.6625403031906001,0.15355904779254295,0.1928831557722811
impostores,True,Heb,target,16,0.44666666666666666,0.2816666666666667,0.6366666666666667,0.15,0.7066666666666667,0.4375,0.1299046478145081,-0.5892575299551152,0.445769029661485,-1.3713822873085662,0.7758815095376426,no discriminante,0.13931750496593676,-0.21004338700874925,0.28388251310784895,-0.02107937539062378,0.015217538119791917
ncd,True,Rom,core_loo,2,0.935,0.9325,0.9375,0.93,0.94,1.0,1.1847803032015176,1.1802325040692665,1.1893281023337687,1.1756847049370154,1.1938759014660199,apoyo moderado a H_mismo-autor,0.9082510319505082,0.9063245580019457,0.9101775058990705,0.8474181065539708,0.8773215707278701
ncd,True,1Cor,core_loo,2,0.9299999999999999,0.9283333333333333,0.9316666666666666,0.9266666666666666,0.9333333333333333,1.0,1.1832984156641273,1.1789520642844051,1.1876447670438495,1.1746057129046827,1.1919911184235719,apoyo moderado a H_mismo-autor,0.9060588389387296,0.9043795443439197,0.9077381335335397,0.8448447275192731,0.8748347604392602
ncd,True,2Cor,core_loo,2,0.9883333333333333,0.9875,0.9891666666666666,0.9866666666666667,0.99,1.0,1.1939748504059504,1.1902287965348257,1.197720904277075,1.186482742663701,1.2014669581481996,apoyo moderado a H_mismo-autor,0.9223765279949475,0.922027747611881,0.922725308378014,0.8637620364223615,0.8931958856166142
ncd,True,Gal,core_loo,2,0.9633333333333334,0.9633333333333334,0.9633333333333334,0.9633333333333334,0.9633333333333334,1.0,1.1912884880330017,1.187489116074185,1.1950878599918187,1.183689744115368,1.1988872319506356,apoyo moderado a H_mismo-autor,0.9182394863337331,0.9176994965939086,0.9187794760735577,0.8589771718757767,0.8885592067564232
ncd,True,Flp,core_loo,2,0.9916666666666667,0.9908333333333333,0.9924999999999999,0.99,0.9933333333333333,1.0,1.1941222221356862,1.1903024823996935,1.197941961871679,1.186482742663701,1.2017617016076714,apoyo moderado a H_mismo-autor,0.9225914815285792,0.9221352243786969,0.9230477386784616,0.8640164637773564,0.8934385679563275
ncd,True,1Tes,core_loo,2,0.9883333333333333,0.9841666666666666,0.9925,0.98,0.9966666666666667,1.0,1.193829354477042,1.1902560125143722,1.1974026964397118,1.1866826705517024,1.2009760384023815,apoyo moderado a H_mismo-autor,0.9221802193630861,0.9220914231901765,0.9222690155359958,0.8635227655627642,0.8929721306962326
ncd,True,Flm,core_loo,2,0.01,0.005,0.015,0.0,0.02,0.0,-1.226221072081893,-1.2308237965427962,-1.2216183476209896,-1.2354265210036994,-1.2170156231600864,apoyo moderado a H_otro-autor,-0.6678250810660384,-0.6692432752727547,-0.6664068868593221,-0.562842424041326,-0.5850089573103326
ncd,True,Ef,target,2,0.965,0.9624999999999999,0.9675,0.96,0.97,1.0,1.1915043163464925,1.1880959216145508,1.194912711078434,1.1846875268826091,1.1983211058103758,apoyo moderado a H_mismo-autor,0.9186347747158451,0.9185669100662317,0.9187026393654585,0.8594060178741462,0.8889925307794766
ncd,True,Col,target,2,0.9383333333333332,0.9375,0.9391666666666666,0.9366666666666666,0.94,1.0,1.1857829431849907,1.181736464044476,1.1898294223255053,1.1776899849039615,1.1938759014660199,apoyo moderado a H_mismo-autor,0.9098357270711107,0.9087016006828496,0.9109698534593719,0.8492302163672442,0.8791007380787232
ncd,True,2Tes,target,2,0.98,0.9783333333333333,0.9816666666666667,0.9766666666666667,0.9833333333333333,1.0,1.1933657250753307,1.1894255654853665,1.1973058846652949,1.1854854058954025,1.2012460442552588,apoyo moderado a H_mismo-autor,0.9214067660660208,0.9207342943078101,0.9220792378242316,0.8626540981206898,0.8921141781499711
ncd,True,1Tim,target,2,0.30166666666666664,0.2925,0.31083333333333335,0.2833333333333333,0.32,0.0,-0.5378513792853362,-0.5753385622751152,-0.5003641962955573,-0.6128257452648941,-0.46287701330577835,apoyo débil a H_otro-autor,-0.20177359119067032,-0.22559958302783462,-0.17794759935350601,-0.2738822012965205,-0.2665995806679775
ncd,True,2Tim,target,2,0.35833333333333334,0.3375,0.37916666666666665,0.31666666666666665,0.4,0.0,-0.28817734653704546,-0.3827210360121374,-0.19363365706195348,-0.47726472548722937,-0.09908996758686152,no discriminante,-0.04682180815386328,-0.10512777549683221,0.011484159189105642,-0.16753426319977566,-0.15127131896289983
ncd,True,Tit,target,2,0.16166666666666668,0.1525,0.17083333333333334,0.14333333333333334,0.18,0.0,-1.0125887635098172,-1.0334015640445393,-0.9917759629750951,-1.0542143645792614,-0.970963162440373,apoyo moderado a H_otro-autor,-0.5240710962018693,-0.5386862864346703,-0.5094559059690684,-0.47611153817179674,-0.48885820291931925
ncd,True,Heb,target,2,0.26666666666666666,0.21,0.32333333333333336,0.15333333333333332,0.38,0.0,-0.616181621298332,-0.8282383649918541,-0.40412487760480986,-1.0402951086853762,-0.19206813391128771,apoyo débil a H_otro-autor,-0.2631678667098032,-0.4026995127798966,-0.12363622063970975,-0.3070672872903837,-0.30394551240353723
dirichlet,True,Rom,core_loo,4,0.9066666666666666,0.8808333333333334,0.9275,0.8333333333333334,0.96,1.0,2.007735205539549,1.9873033083957061,2.0823225729911443,1.932179370227942,2.299912922082165,apoyo fuerte a H_mismo-autor,2.080070810921127,2.049196402055856,2.1332735831171883,1.764723468553847,1.8421005559122996
dirichlet,True,1Cor,core_loo,4,0.9016666666666666,0.8958333333333333,0.9116666666666666,0.8933333333333333,0.9266666666666666,1.0,2.033132534762502,1.9878193703366067,2.1215332064964696,1.9323732240570934,2.306241874700198,apoyo fuerte a H_mismo-autor,2.0835399951875226,2.0588740515542225,2.133245000011823,1.78945666070475,1.86443863086684
dirichlet,True,2Cor,core_loo,4,0.9633333333333334,0.93,0.9766666666666667,0.86,0.9866666666666667,1.0,2.0450878434905,1.9891300847902549,2.1198824012178488,1.9262514630410261,2.2392714200483868,apoyo fuerte a H_mismo-autor,2.0862778894286698,2.0594937288973303,2.130226991935944,1.8056266474659985,1.8769660424842574
dirichlet,True,Gal,core_loo,4,0.995,0.9824999999999999,1.0,0.96,1.0,1.0,2.0474712647250257,1.9893558378203235,2.143512932173757,1.9261727201205652,2.3204747715056007,apoyo fuerte a H_mismo-autor,2.0865464817362445,2.0599372436645584,2.132897189134248,1.8085534135357364,1.8792002187524877
dirichlet,True,Flp,core_loo,4,0.83,0.7675,0.8925,0.68,0.98,1.0,1.9373859090529844,1.845130760878445,1.9604505131853136,1.6012970106482642,1.9967126312888641,apoyo moderado a H_mismo-autor,2.0232691776844405,1.9588131517621488,2.055816899722789,1.699980281302859,1.7721302404015886
dirichlet,True,1Tes,core_loo,4,0.6483333333333333,0.39416666666666667,0.8758333333333334,0.25666666666666665,0.9333333333333333,0.5,1.0969608434103817,0.08863165523585823,1.9455031640098495,-0.4394378275160168,1.994212044036557,apoyo moderado a H_mismo-autor,1.2938549704137443,0.34870887712128534,2.0598333765272363,0.9636116563179757,1.0204006125821985
dirichlet,True,Flm,core_loo,4,0.8049999999999999,0.605,1.0,0.59,1.0,1.0,1.564992798115472,1.1738389489221879,1.9472337593538178,1.083917167357614,2.010416877053576,apoyo moderado a H_mismo-autor,1.7635905631000033,1.459550665895959,2.0563853519834105,1.349218161165013,1.425272245261588
dirichlet,True,Ef,target,4,0.5883333333333334,0.43,0.765,0.41,0.84,0.5,1.0433831450982651,0.2164655398099308,1.8611589278629337,0.12079495148684555,1.9294040486150215,apoyo moderado a H_mismo-autor,1.2614363355218985,0.48848358023956023,2.0145065363384855,0.8781102125769811,0.9493814045629895
dirichlet,True,Col,target,4,0.5716666666666667,0.23083333333333333,0.8775000000000001,0.12333333333333334,0.88,0.5,0.7596142615569221,-0.4858333050229725,1.9500771877422323,-0.7022838505543243,2.0015738120898314,apoyo débil a H_mismo-autor,0.9312641983455369,-0.2748160386036883,2.069201534031863,0.7090903378696125,0.7496057600564863
dirichlet,True,2Tes,target,4,0.95,0.7791666666666667,1.0,0.4166666666666667,1.0,0.75,1.9711908014200805,1.4872282249553572,2.0894218004545917,0.1530187224616735,2.3264365706576378,apoyo moderado a H_mismo-autor,2.079576726417398,1.6448314787617369,2.1326919773188875,1.713138451094773,1.7832182451870637
dirichlet,True,1Tim,target,4,0.7716666666666667,0.6816666666666666,0.8808333333333334,0.6266666666666667,0.9933333333333333,1.0,1.78951727456326,1.5649136577302516,1.9416367917614277,1.301066987082903,1.9880311635042542,apoyo moderado a H_mismo-autor,1.933294750285773,1.7633952137204731,2.054162116775433,1.5522700437407866,1.6361832421470544
dirichlet,True,2Tim,target,4,0.40166666666666667,0.09416666666666668,0.75,0.04666666666666667,0.92,0.5,0.478260320325865,-0.7317507616443835,1.738462280884852,-0.7731151294201286,1.9303992844268125,apoyo débil a H_mismo-autor,0.674844810415661,-0.544866190416005,1.9231755123537233,0.4484159320523429,0.4937153439435434
dirichlet,True,Tit,target,4,0.36166666666666664,0.15416666666666667,0.6275,0.11666666666666667,0.84,0.5,0.1337462133230316,-0.6575809450569982,1.1617966301785834,-0.71501858806687,1.9294040486150215,no discriminante,0.3715932625727678,-0.4649916950956044,1.40720910296878,0.14638244726448185,0.18260488622802207
dirichlet,True,Heb,target,4,0.16999999999999998,0.11666666666666667,0.23583333333333334,0.10666666666666667,0.2833333333333333,0.0,-0.7119151722931449,-0.7150181391990371,-0.6596810014907949,-0.72159653865648,-0.5057089903439786,apoyo débil a H_otro-autor,-0.5127029274179435,-0.5222545251801501,-0.4563062355640487,-0.4714877289822593,-0.48237297045712324
