carta,tokens,kind,gi_mediana,gi_q1,gi_q3,log10lr_epist_mediana,escala_verbal_epist,log10lr_mediana,log10lr_cristiana,d_minmax,pct_E_minmax,pct_B_minmax,pct_G_minmax,pct_E_delta,pct_B_delta,pct_G_delta
Rom,7055,core,0.855,0.7458333333333333,0.9158333333333333,1.0237720196890647,apoyo moderado a H_mismo-autor,0.7523913996189395,0.5946877724024288,0.6101637741886243,0.34023991275899673,0.020512820512820513,0.22237762237762237,0.04580152671755725,0.0038461538461538464,0.006993006993006993
1Cor,6812,core,0.7883333333333333,0.7183333333333333,0.8591666666666667,1.0471480658340777,apoyo moderado a H_mismo-autor,0.675433193252091,0.5854844724718631,0.6254618880418473,0.5169029443838604,0.046794871794871795,0.4223776223776224,0.18102508178844057,0.035897435897435895,0.07272727272727272
2Cor,4473,core,0.9083333333333333,0.8908333333333334,0.9341666666666667,1.223764882396168,apoyo moderado a H_mismo-autor,0.9362702560228985,0.7926207178645376,0.5904392759830238,0.128680479825518,0.0019230769230769232,0.05454545454545454,0.021810250817884406,0.0019230769230769232,0.0
Gal,2226,core,0.9083333333333333,0.8883333333333333,0.9341666666666667,1.1948607057334577,apoyo moderado a H_mismo-autor,0.8796799304691809,0.7652011596751054,0.6014721971408927,0.21810250817884405,0.008333333333333333,0.13146853146853146,0.03816793893129771,0.002564102564102564,0.002797202797202797
Flp,1626,core,0.885,0.8400000000000001,0.9116666666666666,1.1329585889424436,apoyo moderado a H_mismo-autor,0.8271054456364948,0.7107466431863929,0.5858876213319721,0.0970556161395856,0.001282051282051282,0.039160839160839164,0.017448200654307525,0.0019230769230769232,0.0
1Tes,1473,core,0.8366666666666667,0.6958333333333333,0.8716666666666667,1.0505061489717056,apoyo moderado a H_mismo-autor,0.7764501158735498,0.6023082707022482,0.5969718756001279,0.17557251908396945,0.0057692307692307696,0.09090909090909091,0.04798255179934569,0.0038461538461538464,0.006993006993006993
Flm,334,core,0.9016666666666666,0.8608333333333333,0.9541666666666666,1.2069195710445786,apoyo moderado a H_mismo-autor,0.9033377152075613,0.7896720834240898,0.600264319158693,0.2039258451472192,0.007051282051282051,0.11748251748251748,0.04471101417666303,0.003205128205128205,0.006993006993006993
Ef,2416,target,0.8333333333333334,0.71,0.8991666666666667,0.9911620896831943,apoyo débil a H_mismo-autor,0.7653554990009579,0.5809000644650378,0.6024303068790487,0.2300981461286805,0.008974358974358974,0.14125874125874127,0.014176663031624863,0.001282051282051282,0.0
Col,1580,target,0.8433333333333333,0.6950000000000001,0.8741666666666666,0.9492114330274444,apoyo débil a H_mismo-autor,0.7285330328705104,0.5331152861252618,0.6236875522074765,0.4994547437295529,0.041666666666666664,0.4027972027972028,0.06543075245365322,0.00641025641025641,0.012587412587412588
2Tes,820,target,0.8416666666666667,0.8075,0.8908333333333334,1.0804844133320128,apoyo moderado a H_mismo-autor,0.8141922515587268,0.6564621279163285,0.5922097887294461,0.14176663031624864,0.003205128205128205,0.07132867132867132,0.04143947655398037,0.002564102564102564,0.005594405594405594
1Tim,1591,target,0.7816666666666667,0.4683333333333333,0.8575,0.8770458250347394,apoyo débil a H_mismo-autor,0.5844410037819661,0.41609331448816717,0.6137301161621881,0.3816793893129771,0.021794871794871794,0.2629370629370629,0.09269356597600872,0.01282051282051282,0.032167832167832165
2Tim,1235,target,0.7250000000000001,0.5041666666666667,0.845,0.709044174516207,apoyo débil a H_mismo-autor,0.5072338752746972,0.3262252110560955,0.5952386605598087,0.16357688113413305,0.003205128205128205,0.07832167832167833,0.0916030534351145,0.01282051282051282,0.02937062937062937
Tit,659,target,0.6066666666666667,0.3391666666666666,0.7716666666666666,0.4977821616953146,apoyo débil a H_mismo-autor,0.3178540782736554,0.15355904779254295,0.65019896368686,0.7611777535441657,0.1621794871794872,0.6993006993006993,0.6837513631406761,0.34807692307692306,0.5832167832167832
Heb,4935,target,0.44666666666666666,0.2816666666666667,0.6366666666666667,0.1299046478145081,no discriminante,0.13931750496593676,-0.02107937539062378,0.6217343274098681,0.46892039258451473,0.041025641025641026,0.36923076923076925,0.16793893129770993,0.03333333333333333,0.07272727272727272
