family,spec_index,label,dia,features,metric,window,mask,core,edition,iters,target,kind,score,log10lr,log10lr_epistolar,log10lr_cristiana,log10lr_cj,valid,valid_epist,margin_median,nearest_impostor
impostores,0,dia|mfw:300|cosine|w500|mnone|seven|sblgnt,dia,mfw:300,cosine,500,none,seven,sblgnt,300,Rom,core_loo,0.8333333333333334,0.7502469305468091,0.9670606669805333,0.5628390007934372,0.6201773816443164,True,True,0.1228642347111012,Sant
impostores,0,dia|mfw:300|cosine|w500|mnone|seven|sblgnt,dia,mfw:300,cosine,500,none,seven,sblgnt,300,1Cor,core_loo,0.8166666666666667,0.7169721853937807,0.9389794399653947,0.5309506479993583,0.5875770728810927,True,True,0.12088581402219645,Sant
impostores,0,dia|mfw:300|cosine|w500|mnone|seven|sblgnt,dia,mfw:300,cosine,500,none,seven,sblgnt,300,2Cor,core_loo,0.92,0.9023463090483139,1.0831526737017811,0.6984447549993452,0.7596966246315184,True,True,0.18510863136477707,1Pe
impostores,0,dia|mfw:300|cosine|w500|mnone|seven|sblgnt,dia,mfw:300,cosine,500,none,seven,sblgnt,300,Gal,core_loo,0.9166666666666666,0.8976968135210264,1.0798678797216494,0.6945524563112501,0.7556668098006283,True,True,0.15790369449873232,1Pe
impostores,0,dia|mfw:300|cosine|w500|mnone|seven|sblgnt,dia,mfw:300,cosine,500,none,seven,sblgnt,300,Flp,core_loo,0.92,0.9023463090483139,1.0831526737017811,0.6984447549993452,0.7596966246315184,True,True,0.1737248636906854,1Pe
impostores,0,dia|mfw:300|cosine|w500|mnone|seven|sblgnt,dia,mfw:300,cosine,500,none,seven,sblgnt,300,1Tes,core_loo,0.87,0.8206785080055674,1.023134402635696,0.6277392237056989,0.686744166701936,True,True,0.10999575108169496,IgnLong#11
impostores,0,dia|mfw:300|cosine|w500|mnone|seven|sblgnt,dia,mfw:300,cosine,500,none,seven,sblgnt,300,Flm,core_loo,0.9233333333333333,0.9068547213219826,1.0863231593201987,0.7022035146407466,0.76358984649931,True,True,0.16977062607489818,IgnEf
impostores,0,dia|mfw:300|cosine|w500|mnone|seven|sblgnt,dia,mfw:300,cosine,500,none,seven,sblgnt,300,Ef,target,0.9033333333333333,0.8777920621600166,1.0656300997916555,0.6777069181802747,0.7382457818477168,True,True,0.16671218730415144,Bas_Ep#213
impostores,0,dia|mfw:300|cosine|w500|mnone|seven|sblgnt,dia,mfw:300,cosine,500,none,seven,sblgnt,300,Col,target,0.9233333333333333,0.9068547213219826,1.0863231593201987,0.7022035146407466,0.76358984649931,True,True,0.13969359417912175,1Pe
impostores,0,dia|mfw:300|cosine|w500|mnone|seven|sblgnt,dia,mfw:300,cosine,500,none,seven,sblgnt,300,2Tes,target,0.88,0.8387231051046034,1.036832182323796,0.6437864153187348,0.7032574769774841,True,True,0.13949598702306598,1Pe
impostores,0,dia|mfw:300|cosine|w500|mnone|seven|sblgnt,dia,mfw:300,cosine,500,none,seven,sblgnt,300,1Tim,target,0.9033333333333333,0.8777920621600166,1.0656300997916555,0.6777069181802747,0.7382457818477168,True,True,0.1383025770669527,PolFil
impostores,0,dia|mfw:300|cosine|w500|mnone|seven|sblgnt,dia,mfw:300,cosine,500,none,seven,sblgnt,300,2Tim,target,0.9,0.8725152199892798,1.0618072735685522,0.67319158967923,0.7335814732610664,True,True,0.14363421924698377,Just_Dial#50-51
impostores,0,dia|mfw:300|cosine|w500|mnone|seven|sblgnt,dia,mfw:300,cosine,500,none,seven,sblgnt,300,Tit,target,0.92,0.9023463090483139,1.0831526737017811,0.6984447549993452,0.7596966246315184,True,True,0.12738934360714066,2Jn
impostores,0,dia|mfw:300|cosine|w500|mnone|seven|sblgnt,dia,mfw:300,cosine,500,none,seven,sblgnt,300,Heb,target,0.7266666666666667,0.5394657706148263,0.765875772662595,0.3489913689455592,0.40217795337918966,True,True,0.06025302414033734,2Pe
impostores,1,dia|mfw:300|cosine|w500|mformulae+preformed+otq+reuse|seven|sblgnt,dia,mfw:300,cosine,500,formulae+preformed+otq+reuse,seven,sblgnt,300,Rom,core_loo,0.8833333333333333,0.8733167925018881,1.0719347510531725,0.6977434073705328,0.7594610257960025,True,True,0.15222428690999668,1Pe
impostores,1,dia|mfw:300|cosine|w500|mformulae+preformed+otq+reuse|seven|sblgnt,dia,mfw:300,cosine,500,formulae+preformed+otq+reuse,seven,sblgnt,300,1Cor,core_loo,0.8733333333333333,0.8549279393081268,1.0566858564548112,0.6812622512220925,0.7423280685318067,True,True,0.13133941222490286,3Jn
impostores,1,dia|mfw:300|cosine|w500|mformulae+preformed+otq+reuse|seven|sblgnt,dia,mfw:300,cosine,500,formulae+preformed+otq+reuse,seven,sblgnt,300,2Cor,core_loo,0.9233333333333333,0.9375802985193391,1.123187517639824,0.7532903619115069,0.8174859268151604,True,True,0.18270493080338834,1Pe
impostores,1,dia|mfw:300|cosine|w500|mformulae+preformed+otq+reuse|seven|sblgnt,dia,mfw:300,cosine,500,formulae+preformed+otq+reuse,seven,sblgnt,300,Gal,core_loo,0.9066666666666666,0.9129123169106061,1.1038789149077883,0.7323474073400315,0.7955547640870313,True,True,0.1481864210022512,Sant
impostores,1,dia|mfw:300|cosine|w500|mformulae+preformed+otq+reuse|seven|sblgnt,dia,mfw:300,cosine,500,formulae+preformed+otq+reuse,seven,sblgnt,300,Flp,core_loo,0.9033333333333333,0.9075854981184687,1.0996505237560343,0.7277627763677734,0.7907628060780139,True,True,0.1700460574505892,IgnFil
impostores,1,dia|mfw:300|cosine|w500|mformulae+preformed+otq+reuse|seven|sblgnt,dia,mfw:300,cosine,500,formulae+preformed+otq+reuse,seven,sblgnt,300,1Tes,core_loo,0.81,0.7275726771928483,0.9430674838878127,0.5602109113518814,0.6174085373104502,True,True,0.09746093583097032,1Pe
impostores,1,dia|mfw:300|cosine|w500|mformulae+preformed+otq+reuse|seven|sblgnt,dia,mfw:300,cosine,500,formulae+preformed+otq+reuse,seven,sblgnt,300,Flm,core_loo,0.8866666666666667,0.8792771504776009,1.0768201774072166,0.7030297807284291,0.7649640856426398,True,True,0.12934485494896386,3Jn
impostores,1,dia|mfw:300|cosine|w500|mformulae+preformed+otq+reuse|seven|sblgnt,dia,mfw:300,cosine,500,formulae+preformed+otq+reuse,seven,sblgnt,300,Ef,target,0.9266666666666666,0.9420831870852239,1.1266643236098437,0.7570620354818025,0.8214429698209527,True,True,0.14414561828529715,1Pe
impostores,1,dia|mfw:300|cosine|w500|mformulae+preformed+otq+reuse|seven|sblgnt,dia,mfw:300,cosine,500,formulae+preformed+otq+reuse,seven,sblgnt,300,Col,target,0.85,0.8096473252083449,1.0179575723446235,0.6395857219870831,0.6991517712155138,True,True,0.11865356335457494,IgnEsm
impostores,1,dia|mfw:300|cosine|w500|mformulae+preformed+otq+reuse|seven|sblgnt,dia,mfw:300,cosine,500,formulae+preformed+otq+reuse,seven,sblgnt,300,2Tes,target,0.83,0.7690441449304681,0.9817100433009405,0.6009200719024548,0.6592619550845311,True,True,0.11253881600089383,Bern
impostores,1,dia|mfw:300|cosine|w500|mformulae+preformed+otq+reuse|seven|sblgnt,dia,mfw:300,cosine,500,formulae+preformed+otq+reuse,seven,sblgnt,300,1Tim,target,0.9233333333333333,0.9375802985193391,1.123187517639824,0.7532903619115069,0.8174859268151604,True,True,0.12450411180718568,IgnRom
impostores,1,dia|mfw:300|cosine|w500|mformulae+preformed+otq+reuse|seven|sblgnt,dia,mfw:300,cosine,500,formulae+preformed+otq+reuse,seven,sblgnt,300,2Tim,target,0.87,0.8486448926287444,1.0514136158716918,0.6755718412808364,0.7364206935806827,True,True,0.13459468515492173,2Pe
impostores,1,dia|mfw:300|cosine|w500|mformulae+preformed+otq+reuse|seven|sblgnt,dia,mfw:300,cosine,500,formulae+preformed+otq+reuse,seven,sblgnt,300,Tit,target,0.88,0.8672685884657545,1.0669488834145484,0.6923512279563288,0.7538516863366538,True,True,0.1127045826218877,2Jn
impostores,1,dia|mfw:300|cosine|w500|mformulae+preformed+otq+reuse|seven|sblgnt,dia,mfw:300,cosine,500,formulae+preformed+otq+reuse,seven,sblgnt,300,Heb,target,0.6533333333333333,0.4165904900031717,0.5783484697689714,0.22807645665470702,0.2774132138396668,True,True,0.041449996130583644,3Cor
impostores,2,dia|closed:150|cosine|w500|mnone|seven|sblgnt,dia,closed:150,cosine,500,none,seven,sblgnt,300,Rom,core_loo,0.7366666666666667,0.5295578823850254,0.814125136525307,0.3853756945752637,0.43668062704035826,False,True,0.10579630303902304,Bern
impostores,2,dia|closed:150|cosine|w500|mnone|seven|sblgnt,dia,closed:150,cosine,500,none,seven,sblgnt,300,1Cor,core_loo,0.7766666666666666,0.609562161761372,0.9034526663778875,0.4808653982043559,0.5339455728442535,False,True,0.13089827699361506,Bas_Ep#366
impostores,2,dia|closed:150|cosine|w500|mnone|seven|sblgnt,dia,closed:150,cosine,500,none,seven,sblgnt,300,2Cor,core_loo,0.82,0.6974077938065922,0.9925527374991273,0.5828709687893852,0.6375606314835968,False,True,0.15331388983712957,1Pe
impostores,2,dia|closed:150|cosine|w500|mnone|seven|sblgnt,dia,closed:150,cosine,500,none,seven,sblgnt,300,Gal,core_loo,0.77,0.5960967506907031,0.8890045735278342,0.46492674097743547,0.5177359328534468,False,True,0.10026070364879447,3Jn
impostores,2,dia|closed:150|cosine|w500|mnone|seven|sblgnt,dia,closed:150,cosine,500,none,seven,sblgnt,300,Flp,core_loo,0.7666666666666667,0.5893797763858899,0.8817126151244596,0.45695169238380595,0.5096221876864885,False,True,0.14524866045712814,2Jn
impostores,2,dia|closed:150|cosine|w500|mnone|seven|sblgnt,dia,closed:150,cosine,500,none,seven,sblgnt,300,1Tes,core_loo,0.67,0.40205913152025385,0.6516938496318434,0.23279335253716452,0.27997909545947186,False,True,0.08861417986281211,2Jn
impostores,2,dia|closed:150|cosine|w500|mnone|seven|sblgnt,dia,closed:150,cosine,500,none,seven,sblgnt,300,Flm,core_loo,0.7133333333333334,0.4840089982924102,0.7591916098197479,0.330552265385332,0.38061192962721957,False,True,0.0825865946279229,IgnTral
impostores,2,dia|closed:150|cosine|w500|mnone|seven|sblgnt,dia,closed:150,cosine,500,none,seven,sblgnt,300,Ef,target,0.8,0.6568932549304912,0.9525238692868979,0.5362918304219331,0.5902649114850242,False,True,0.1313831671890826,PsClem_Virg#2
impostores,2,dia|closed:150|cosine|w500|mnone|seven|sblgnt,dia,closed:150,cosine,500,none,seven,sblgnt,300,Col,target,0.6966666666666667,0.45207432321145635,0.7186971169140991,0.29220658860724785,0.34125512583809253,False,True,0.07545313506909734,3Cor
impostores,2,dia|closed:150|cosine|w500|mnone|seven|sblgnt,dia,closed:150,cosine,500,none,seven,sblgnt,300,2Tes,target,0.7566666666666667,0.5693035218200013,0.8595711037516893,0.43302913157505263,0.48526931609353813,False,True,0.07554470932937513,Just_Dial#63
impostores,2,dia|closed:150|cosine|w500|mnone|seven|sblgnt,dia,closed:150,cosine,500,none,seven,sblgnt,300,1Tim,target,0.7266666666666667,0.5099212024929249,0.7908329037558878,0.36174650569254324,0.4125401402028007,False,True,0.10075017621353022,2Pe
impostores,2,dia|closed:150|cosine|w500|mnone|seven|sblgnt,dia,closed:150,cosine,500,none,seven,sblgnt,300,2Tim,target,0.6866666666666666,0.433162434056575,0.6938928250888476,0.2696180966389241,0.31800520271630506,False,True,0.06481942970081767,3Cor
impostores,2,dia|closed:150|cosine|w500|mnone|seven|sblgnt,dia,closed:150,cosine,500,none,seven,sblgnt,300,Tit,target,0.66,0.38364452841065166,0.6258523887526022,0.21125129289647906,0.25765343690576414,False,True,0.053840125113583215,2Jn
impostores,2,dia|closed:150|cosine|w500|mnone|seven|sblgnt,dia,closed:150,cosine,500,none,seven,sblgnt,300,Heb,target,0.6533333333333333,0.37146943789737447,0.608404702306058,0.19714135524261647,0.2429938337491067,False,True,0.07865611185985316,Bas_Ep#95
impostores,3,dia|closed:150|cosine|w500|mformulae+preformed+otq+reuse|seven|sblgnt,dia,closed:150,cosine,500,formulae+preformed+otq+reuse,seven,sblgnt,300,Rom,core_loo,0.7533333333333333,0.5769795292297222,0.867464144007295,0.4461870716391809,0.4983082949242894,False,True,0.09525081713015282,1Pe
impostores,3,dia|closed:150|cosine|w500|mformulae+preformed+otq+reuse|seven|sblgnt,dia,closed:150,cosine,500,formulae+preformed+otq+reuse,seven,sblgnt,300,1Cor,core_loo,0.74,0.5500525003971526,0.8361508274015587,0.414065092528821,0.4654993853111749,False,True,0.09441733647949135,Bas_Ep#190
impostores,3,dia|closed:150|cosine|w500|mformulae+preformed+otq+reuse|seven|sblgnt,dia,closed:150,cosine,500,formulae+preformed+otq+reuse,seven,sblgnt,300,2Cor,core_loo,0.7966666666666666,0.6658702284294513,0.9644235033404377,0.5506125834179165,0.6046752325971161,False,True,0.12021251251659648,1Pe
impostores,3,dia|closed:150|cosine|w500|mformulae+preformed+otq+reuse|seven|sblgnt,dia,closed:150,cosine,500,formulae+preformed+otq+reuse,seven,sblgnt,300,Gal,core_loo,0.7566666666666667,0.5837507862185187,0.8751877761111528,0.45423792403848606,0.5065231776279174,False,True,0.11209403586112832,IgnLong#5
impostores,3,dia|closed:150|cosine|w500|mformulae+preformed+otq+reuse|seven|sblgnt,dia,closed:150,cosine,500,formulae+preformed+otq+reuse,seven,sblgnt,300,Flp,core_loo,0.7566666666666667,0.5837507862185187,0.8751877761111528,0.45423792403848606,0.5065231776279174,False,True,0.13548429555447122,Bas_Ep#139
impostores,3,dia|closed:150|cosine|w500|mformulae+preformed+otq+reuse|seven|sblgnt,dia,closed:150,cosine,500,formulae+preformed+otq+reuse,seven,sblgnt,300,1Tes,core_loo,0.6833333333333333,0.4388976618831464,0.6957024997958656,0.2811822374132165,0.3290060983305105,False,True,0.08067227421353151,3Jn
impostores,3,dia|closed:150|cosine|w500|mformulae+preformed+otq+reuse|seven|sblgnt,dia,closed:150,cosine,500,formulae+preformed+otq+reuse,seven,sblgnt,300,Flm,core_loo,0.73,0.5300376163793721,0.8122313422276846,0.3901087420734502,0.440992353304975,False,True,0.11401204489559574,IgnMagn
impostores,3,dia|closed:150|cosine|w500|mformulae+preformed+otq+reuse|seven|sblgnt,dia,closed:150,cosine,500,formulae+preformed+otq+reuse,seven,sblgnt,300,Ef,target,0.8166666666666667,0.7070907714464426,1.006404345890175,0.5978675829946252,0.6527225048647338,False,True,0.13820876651914565,PsClem_Virg#1
impostores,3,dia|closed:150|cosine|w500|mformulae+preformed+otq+reuse|seven|sblgnt,dia,closed:150,cosine,500,formulae+preformed+otq+reuse,seven,sblgnt,300,Col,target,0.6833333333333333,0.4388976618831464,0.6957024997958656,0.2811822374132165,0.3290060983305105,False,True,0.05862266056961468,IgnFil
impostores,3,dia|closed:150|cosine|w500|mformulae+preformed+otq+reuse|seven|sblgnt,dia,closed:150,cosine,500,formulae+preformed+otq+reuse,seven,sblgnt,300,2Tes,target,0.8333333333333334,0.7411337355872645,1.0398071482279843,0.6362230789023731,0.6917078373182343,False,True,0.10945298498510453,3Cor
impostores,3,dia|closed:150|cosine|w500|mformulae+preformed+otq+reuse|seven|sblgnt,dia,closed:150,cosine,500,formulae+preformed+otq+reuse,seven,sblgnt,300,1Tim,target,0.7133333333333334,0.4970513714817224,0.7715441287091521,0.35057234501371315,0.40046184690416947,False,True,0.08153984946662302,Bas_Ep#262
impostores,3,dia|closed:150|cosine|w500|mformulae+preformed+otq+reuse|seven|sblgnt,dia,closed:150,cosine,500,formulae+preformed+otq+reuse,seven,sblgnt,300,2Tim,target,0.6366666666666667,0.35144987830279845,0.5708852665586878,0.17980178625455992,0.22358515526720116,False,True,0.04222613535535641,2Pe
impostores,3,dia|closed:150|cosine|w500|mformulae+preformed+otq+reuse|seven|sblgnt,dia,closed:150,cosine,500,formulae+preformed+otq+reuse,seven,sblgnt,300,Tit,target,0.6533333333333333,0.38228429201890574,0.61643547750442,0.2149274668966198,0.26027795106700485,False,True,0.060443555291088524,2Jn
impostores,3,dia|closed:150|cosine|w500|mformulae+preformed+otq+reuse|seven|sblgnt,dia,closed:150,cosine,500,formulae+preformed+otq+reuse,seven,sblgnt,300,Heb,target,0.6566666666666666,0.3885022563988048,0.6254151164745159,0.2221058522478069,0.2677528336806428,False,True,0.05465411539812043,IgnEsm
impostores,4,dia|char3:600|cosine|w500|mnone|seven|sblgnt,dia,char3:600,cosine,500,none,seven,sblgnt,300,Rom,core_loo,0.9233333333333333,0.8558534494049468,0.9510661563738969,0.6159061615510647,0.6770529646053186,True,True,0.14976934766818595,3Jn
impostores,4,dia|char3:600|cosine|w500|mnone|seven|sblgnt,dia,char3:600,cosine,500,none,seven,sblgnt,300,1Cor,core_loo,0.9066666666666666,0.8376987381022148,0.9394651531281552,0.6012266713471102,0.6614683249284464,True,True,0.10965368631312944,IgnEsm
impostores,4,dia|char3:600|cosine|w500|mnone|seven|sblgnt,dia,char3:600,cosine,500,none,seven,sblgnt,300,2Cor,core_loo,0.9733333333333334,0.8909047002011576,0.9727835407974867,0.6436444324311359,0.7066465769534751,True,True,0.17767796604031605,1Pe
impostores,4,dia|char3:600|cosine|w500|mnone|seven|sblgnt,dia,char3:600,cosine,500,none,seven,sblgnt,300,Gal,core_loo,0.9633333333333334,0.8864632096007676,0.9700798805967293,0.640173885169028,0.7029331046427083,True,True,0.17899024386762874,Just_Dial#44-45
impostores,4,dia|char3:600|cosine|w500|mnone|seven|sblgnt,dia,char3:600,cosine,500,none,seven,sblgnt,300,Flp,core_loo,1.0,0.895942504290361,0.9758347571816807,0.6475655128599958,0.7108458680285568,True,True,0.20281210335351213,2Jn
impostores,4,dia|char3:600|cosine|w500|mnone|seven|sblgnt,dia,char3:600,cosine,500,none,seven,sblgnt,300,1Tes,core_loo,0.9766666666666667,0.8920805928328663,0.9734970765535086,0.6445611109780938,0.7076279469315483,True,True,0.13662240660181763,2Jn
impostores,4,dia|char3:600|cosine|w500|mnone|seven|sblgnt,dia,char3:600,cosine,500,none,seven,sblgnt,300,Flm,core_loo,0.9833333333333333,0.8939682107666078,0.9746405752703899,0.6460307445096758,0.7092017532154153,True,True,0.21267681815316752,1Pe
impostores,4,dia|char3:600|cosine|w500|mnone|seven|sblgnt,dia,char3:600,cosine,500,none,seven,sblgnt,300,Ef,target,0.9766666666666667,0.8920805928328663,0.9734970765535086,0.6445611109780938,0.7076279469315483,True,True,0.178984164846974,PolFil
impostores,4,dia|char3:600|cosine|w500|mnone|seven|sblgnt,dia,char3:600,cosine,500,none,seven,sblgnt,300,Col,target,0.97,0.8895756022125966,0.971975907742767,0.6426072358215881,0.7055364496785321,True,True,0.15848655661280375,PolFil
impostores,4,dia|char3:600|cosine|w500|mnone|seven|sblgnt,dia,char3:600,cosine,500,none,seven,sblgnt,300,2Tes,target,0.9766666666666667,0.8920805928328663,0.9734970765535086,0.6445611109780938,0.7076279469315483,True,True,0.15483149586439626,3Cor
impostores,4,dia|char3:600|cosine|w500|mnone|seven|sblgnt,dia,char3:600,cosine,500,none,seven,sblgnt,300,1Tim,target,0.8866666666666667,0.8124265865844229,0.9228976486574132,0.5804418522023354,0.6394868621048817,True,True,0.08855499214842394,2Pe
impostores,4,dia|char3:600|cosine|w500|mnone|seven|sblgnt,dia,char3:600,cosine,500,none,seven,sblgnt,300,2Tim,target,0.8366666666666667,0.7366611961591067,0.8700816692424316,0.5157517573404258,0.5716421202345647,True,True,0.087727158258462,Jud
impostores,4,dia|char3:600|cosine|w500|mnone|seven|sblgnt,dia,char3:600,cosine,500,none,seven,sblgnt,300,Tit,target,0.66,0.42194581299098644,0.5778953493568869,0.21758013395570552,0.26501739636371346,True,True,0.038889473525658025,PolFil
impostores,4,dia|char3:600|cosine|w500|mnone|seven|sblgnt,dia,char3:600,cosine,500,none,seven,sblgnt,300,Heb,target,0.6833333333333333,0.4634863232066314,0.6255850783253843,0.25842606917182664,0.3068750417115787,True,True,0.03698795453335313,2Pe
impostores,5,dia|char3:600|cosine|w500|mformulae+preformed+otq+reuse|seven|sblgnt,dia,char3:600,cosine,500,formulae+preformed+otq+reuse,seven,sblgnt,300,Rom,core_loo,0.93,0.8971825743274111,1.0322565347843415,0.6826286345175337,0.7372907097480377,True,True,0.17047035830887036,PolFil
impostores,5,dia|char3:600|cosine|w500|mformulae+preformed+otq+reuse|seven|sblgnt,dia,char3:600,cosine,500,formulae+preformed+otq+reuse,seven,sblgnt,300,1Cor,core_loo,0.9033333333333333,0.8676092905679439,1.0081403680042735,0.6574958295832221,0.7112542763577034,True,True,0.11325328811203339,IgnLong#4
impostores,5,dia|char3:600|cosine|w500|mformulae+preformed+otq+reuse|seven|sblgnt,dia,char3:600,cosine,500,formulae+preformed+otq+reuse,seven,sblgnt,300,2Cor,core_loo,0.9766666666666667,0.9280849824199844,1.0568706635338783,0.7082677852011544,0.7639702492424334,True,True,0.15894373276117651,2Jn
impostores,5,dia|char3:600|cosine|w500|mformulae+preformed+otq+reuse|seven|sblgnt,dia,char3:600,cosine,500,formulae+preformed+otq+reuse,seven,sblgnt,300,Gal,core_loo,0.97,0.9254847697298402,1.054822012595845,0.7061352491104476,0.7617463649071159,True,True,0.18450971016303114,IgnLong#12
impostores,5,dia|char3:600|cosine|w500|mformulae+preformed+otq+reuse|seven|sblgnt,dia,char3:600,cosine,500,formulae+preformed+otq+reuse,seven,sblgnt,300,Flp,core_loo,0.99,0.9313555641551898,1.059442071417928,0.7109436799225402,0.7667620176908148,True,True,0.20812017812473294,1Pe
impostores,5,dia|char3:600|cosine|w500|mformulae+preformed+otq+reuse|seven|sblgnt,dia,char3:600,cosine,500,formulae+preformed+otq+reuse,seven,sblgnt,300,1Tes,core_loo,0.95,0.9139586738148942,1.0456917511706072,0.6966272323739968,0.7518418432227572,True,True,0.14163027356938346,Bas_Ep#295
impostores,5,dia|char3:600|cosine|w500|mformulae+preformed+otq+reuse|seven|sblgnt,dia,char3:600,cosine,500,formulae+preformed+otq+reuse,seven,sblgnt,300,Flm,core_loo,0.97,0.9254847697298402,1.054822012595845,0.7061352491104476,0.7617463649071159,True,True,0.17661219677767565,2Jn
impostores,5,dia|char3:600|cosine|w500|mformulae+preformed+otq+reuse|seven|sblgnt,dia,char3:600,cosine,500,formulae+preformed+otq+reuse,seven,sblgnt,300,Ef,target,0.91,0.87570488472751,1.0147977565731072,0.6644331451943204,0.7184300969053584,True,True,0.13762207636053014,IgnFil
impostores,5,dia|char3:600|cosine|w500|mformulae+preformed+otq+reuse|seven|sblgnt,dia,char3:600,cosine,500,formulae+preformed+otq+reuse,seven,sblgnt,300,Col,target,0.9766666666666667,0.9280849824199844,1.0568706635338783,0.7082677852011544,0.7639702492424334,True,True,0.16091006540858283,IgnLong#11
impostores,5,dia|char3:600|cosine|w500|mformulae+preformed+otq+reuse|seven|sblgnt,dia,char3:600,cosine,500,formulae+preformed+otq+reuse,seven,sblgnt,300,2Tes,target,0.9733333333333334,0.9268643415530002,1.0559094437083578,0.7072672583424243,0.7629267533429553,True,True,0.14387701744289838,3Cor
impostores,5,dia|char3:600|cosine|w500|mformulae+preformed+otq+reuse|seven|sblgnt,dia,char3:600,cosine,500,formulae+preformed+otq+reuse,seven,sblgnt,300,1Tim,target,0.9066666666666666,0.8717120512837768,1.0115195602963323,0.6610169488879033,0.7148954380197781,True,True,0.09275857687240002,2Pe
impostores,5,dia|char3:600|cosine|w500|mformulae+preformed+otq+reuse|seven|sblgnt,dia,char3:600,cosine,500,formulae+preformed+otq+reuse,seven,sblgnt,300,2Tim,target,0.8533333333333334,0.7949771909104966,0.946447119875126,0.5933825377835837,0.6452893762468099,True,True,0.08009661400490303,1Pe
impostores,5,dia|char3:600|cosine|w500|mformulae+preformed+otq+reuse|seven|sblgnt,dia,char3:600,cosine,500,formulae+preformed+otq+reuse,seven,sblgnt,300,Tit,target,0.4866666666666667,0.1061059628509663,0.08067624727230589,-0.05776936735007468,-0.02350049292363157,True,True,-0.003376631858527157,IgnPol
impostores,5,dia|char3:600|cosine|w500|mformulae+preformed+otq+reuse|seven|sblgnt,dia,char3:600,cosine,500,formulae+preformed+otq+reuse,seven,sblgnt,300,Heb,target,0.7,0.5131110034369406,0.6651029748485162,0.3195775675846979,0.36760749925976954,True,True,0.03981049173306095,Just_Dial#25-26
impostores,6,dia|lemma_dict:300|cosine|w500|mnone|seven|sblgnt,dia,lemma_dict:300,cosine,500,none,seven,sblgnt,300,Rom,core_loo,0.83,0.6951947741231672,0.8449799354581993,0.4833071331292048,0.54591652646977,True,True,0.12572160067111765,Just_Dial#11-12
impostores,6,dia|lemma_dict:300|cosine|w500|mnone|seven|sblgnt,dia,lemma_dict:300,cosine,500,none,seven,sblgnt,300,1Cor,core_loo,0.5766666666666667,0.24981956961556062,0.33378653830701704,0.0517172615855995,0.09206631432246183,True,True,0.03927042261145769,PsClem_Virg#1
impostores,6,dia|lemma_dict:300|cosine|w500|mnone|seven|sblgnt,dia,lemma_dict:300,cosine,500,none,seven,sblgnt,300,2Cor,core_loo,0.9033333333333333,0.8381925382779454,0.9559409210429721,0.5997087108511712,0.6695046843260389,True,True,0.17394738194320764,2Jn
impostores,6,dia|lemma_dict:300|cosine|w500|mnone|seven|sblgnt,dia,lemma_dict:300,cosine,500,none,seven,sblgnt,300,Gal,core_loo,0.7766666666666666,0.5849813267611654,0.7488911240638011,0.38403690262927753,0.44182300675824004,True,True,0.1323575282569881,Sant
impostores,6,dia|lemma_dict:300|cosine|w500|mnone|seven|sblgnt,dia,lemma_dict:300,cosine,500,none,seven,sblgnt,300,Flp,core_loo,0.9266666666666666,0.8746890244168986,0.9821801024310862,0.6271312482934169,0.6989494634875815,True,True,0.1832572726305428,IgnLong#3
impostores,6,dia|lemma_dict:300|cosine|w500|mnone|seven|sblgnt,dia,lemma_dict:300,cosine,500,none,seven,sblgnt,300,1Tes,core_loo,0.91,0.8492944796589694,0.9640074083008393,0.6081492191117426,0.6785523360387137,True,True,0.16214943713310198,IgnMagn
impostores,6,dia|lemma_dict:300|cosine|w500|mnone|seven|sblgnt,dia,lemma_dict:300,cosine,500,none,seven,sblgnt,300,Flm,core_loo,0.93,0.8793132750676096,0.9854479377242485,0.6305391399523671,0.7026189312232655,True,True,0.19037507096801826,IgnLong#6
impostores,6,dia|lemma_dict:300|cosine|w500|mnone|seven|sblgnt,dia,lemma_dict:300,cosine,500,none,seven,sblgnt,300,Ef,target,0.8766666666666667,0.7896130498754579,0.9197515322802502,0.5617606701763829,0.6289836685622032,True,True,0.13720857127599834,IgnLong#6
impostores,6,dia|lemma_dict:300|cosine|w500|mnone|seven|sblgnt,dia,lemma_dict:300,cosine,500,none,seven,sblgnt,300,Col,target,0.8666666666666667,0.7700857884636925,0.9047837104621679,0.546042576721758,0.6122699357773499,True,True,0.12975684815308963,3Cor
impostores,6,dia|lemma_dict:300|cosine|w500|mnone|seven|sblgnt,dia,lemma_dict:300,cosine,500,none,seven,sblgnt,300,2Tes,target,0.9333333333333333,0.8837714890066805,0.9885864608807291,0.6338104701866007,0.7061435664200597,True,True,0.1623955352586925,IgnFil
impostores,6,dia|lemma_dict:300|cosine|w500|mnone|seven|sblgnt,dia,lemma_dict:300,cosine,500,none,seven,sblgnt,300,1Tim,target,0.8566666666666667,0.7500655046902989,0.8891776577733244,0.5296521090131943,0.5948815229395523,True,True,0.11644537287445073,Bas_Ep#93
impostores,6,dia|lemma_dict:300|cosine|w500|mnone|seven|sblgnt,dia,lemma_dict:300,cosine,500,none,seven,sblgnt,300,2Tim,target,0.8266666666666667,0.6882558152331769,0.8392336285144123,0.4772987245916305,0.5395883086943645,True,True,0.1056864339243696,Jud
impostores,6,dia|lemma_dict:300|cosine|w500|mnone|seven|sblgnt,dia,lemma_dict:300,cosine,500,none,seven,sblgnt,300,Tit,target,0.5366666666666666,0.19431794614883324,0.23352648179541327,0.003338480656092843,0.03849258314279925,True,True,0.014168923236322573,Bas_Ep#114
impostores,6,dia|lemma_dict:300|cosine|w500|mnone|seven|sblgnt,dia,lemma_dict:300,cosine,500,none,seven,sblgnt,300,Heb,target,0.61,0.2971007902098071,0.41117674724678277,0.09694902573334742,0.1409411050642544,True,True,0.027967116924166258,Jud
impostores,7,dia|lemma_dict:300|cosine|w500|mformulae+preformed+otq+reuse|seven|sblgnt,dia,lemma_dict:300,cosine,500,formulae+preformed+otq+reuse,seven,sblgnt,300,Rom,core_loo,0.83,0.7292399154992308,0.8879375293891849,0.5282786375947166,0.5902529678336512,True,True,0.14813760532162323,Bas_Ep#264
impostores,7,dia|lemma_dict:300|cosine|w500|mformulae+preformed+otq+reuse|seven|sblgnt,dia,lemma_dict:300,cosine,500,formulae+preformed+otq+reuse,seven,sblgnt,300,1Cor,core_loo,0.6133333333333333,0.3029340901668785,0.41051248102227267,0.11022091912824496,0.15481793943107935,True,True,0.05060794086648007,IgnLong#12
impostores,7,dia|lemma_dict:300|cosine|w500|mformulae+preformed+otq+reuse|seven|sblgnt,dia,lemma_dict:300,cosine,500,formulae+preformed+otq+reuse,seven,sblgnt,300,2Cor,core_loo,0.89,0.85867196010206,0.9968265093410957,0.6385907844737188,0.7064458175730106,True,True,0.13702851988902587,2Jn
impostores,7,dia|lemma_dict:300|cosine|w500|mformulae+preformed+otq+reuse|seven|sblgnt,dia,lemma_dict:300,cosine,500,formulae+preformed+otq+reuse,seven,sblgnt,300,Gal,core_loo,0.8266666666666667,0.7217301976267473,0.8813053696691556,0.5215881262198958,0.5832507283584534,True,True,0.15318717929733067,Sant
impostores,7,dia|lemma_dict:300|cosine|w500|mformulae+preformed+otq+reuse|seven|sblgnt,dia,lemma_dict:300,cosine,500,formulae+preformed+otq+reuse,seven,sblgnt,300,Flp,core_loo,0.94,0.9430104481356912,1.0627510570145813,0.7052383349540514,0.7774831918556256,True,True,0.15518267770382121,IgnEf
impostores,7,dia|lemma_dict:300|cosine|w500|mformulae+preformed+otq+reuse|seven|sblgnt,dia,lemma_dict:300,cosine,500,formulae+preformed+otq+reuse,seven,sblgnt,300,1Tes,core_loo,0.9,0.8780283382265106,1.0122924428314566,0.6542585403310363,0.7230811535527236,True,True,0.1274427660119285,PolFil
impostores,7,dia|lemma_dict:300|cosine|w500|mformulae+preformed+otq+reuse|seven|sblgnt,dia,lemma_dict:300,cosine,500,formulae+preformed+otq+reuse,seven,sblgnt,300,Flm,core_loo,0.88,0.83842904529937,0.9804335787295562,0.6219714920805878,0.6888398997680972,True,True,0.13983387660522295,IgnFil
impostores,7,dia|lemma_dict:300|cosine|w500|mformulae+preformed+otq+reuse|seven|sblgnt,dia,lemma_dict:300,cosine,500,formulae+preformed+otq+reuse,seven,sblgnt,300,Ef,target,0.8166666666666667,0.6991771479644177,0.8611589743713433,0.5013084400187771,0.5620522323055316,True,True,0.10620242213580966,IgnMagn
impostores,7,dia|lemma_dict:300|cosine|w500|mformulae+preformed+otq+reuse|seven|sblgnt,dia,lemma_dict:300,cosine,500,formulae+preformed+otq+reuse,seven,sblgnt,300,Col,target,0.8566666666666667,0.7886487232827326,0.9391427106695195,0.5800958571457462,0.6446458575707863,True,True,0.13530655717485007,PsClem_Virg#1
impostores,7,dia|lemma_dict:300|cosine|w500|mformulae+preformed+otq+reuse|seven|sblgnt,dia,lemma_dict:300,cosine,500,formulae+preformed+otq+reuse,seven,sblgnt,300,2Tes,target,0.8833333333333333,0.8452648162854371,0.9859944827118357,0.6276102547333765,0.6948089583624166,True,True,0.13606039983870266,Bas_Ep#295
impostores,7,dia|lemma_dict:300|cosine|w500|mformulae+preformed+otq+reuse|seven|sblgnt,dia,lemma_dict:300,cosine,500,formulae+preformed+otq+reuse,seven,sblgnt,300,1Tim,target,0.8066666666666666,0.6766536517453845,0.8406815114305717,0.4807780836187485,0.5406288286878764,True,True,0.1008556379823703,Bas_Ep#295
impostores,7,dia|lemma_dict:300|cosine|w500|mformulae+preformed+otq+reuse|seven|sblgnt,dia,lemma_dict:300,cosine,500,formulae+preformed+otq+reuse,seven,sblgnt,300,2Tim,target,0.7866666666666666,0.6319864049440729,0.7989257794835536,0.4392589941289837,0.4974025672449537,True,True,0.07845185975989671,Jud
impostores,7,dia|lemma_dict:300|cosine|w500|mformulae+preformed+otq+reuse|seven|sblgnt,dia,lemma_dict:300,cosine,500,formulae+preformed+otq+reuse,seven,sblgnt,300,Tit,target,0.5533333333333333,0.21168758215666228,0.25920581701029644,0.024281660155974057,0.062273469964029673,True,True,0.014053175634327397,Bas_Ep#114
impostores,7,dia|lemma_dict:300|cosine|w500|mformulae+preformed+otq+reuse|seven|sblgnt,dia,lemma_dict:300,cosine,500,formulae+preformed+otq+reuse,seven,sblgnt,300,Heb,target,0.58,0.2515789841324551,0.3281882503580907,0.06048844420105252,0.10165489989605177,True,True,0.030630770973374688,Bas_Ep#295
