clase,kind,id,author,mediana_gi
apocalipsis,neg_target,Ap,Juan(vidente),0.125
apocalipsis,neg_target,Herm,Hermas,0.1375
apologia,neg_target,Diogn,anon,0.125
carta_comunidad,pos_pairs,IgnEf,Ignacio,0.925
carta_comunidad,pos_pairs,IgnMagn,Ignacio,0.9875
carta_comunidad,pos_pairs,IgnTral,Ignacio,0.975
carta_comunidad,pos_pairs,IgnFil,Ignacio,0.95
carta_comunidad,pos_pairs,IgnEsm,Ignacio,0.9624999999999999
carta_comunidad,neg_target,2Jn,Juan(presb.),0.7875
carta_comunidad,neg_target,1Clem,Clemente Romano,0.2
carta_comunidad,neg_target,IgnEf,Ignacio,0.725
carta_comunidad,neg_target,IgnMagn,Ignacio,0.625
carta_comunidad,neg_target,IgnTral,Ignacio,0.5375
carta_comunidad,neg_target,IgnRom,Ignacio,0.5375000000000001
carta_comunidad,neg_target,IgnFil,Ignacio,0.5875
carta_comunidad,neg_target,IgnEsm,Ignacio,0.475
carta_comunidad,neg_target,PolFil,Policarpo,0.3375
carta_comunidad,neg_target,MartPol,anon,0.2
circular,neg_target,1Pe,Pedro(?),0.6875
circular,neg_target,Jud,Judas(?),0.275
evangelio,pos_pairs,Lc,Lucas(anon),0.375
evangelio,neg_target,Mt,Mateo(anon),0.075
evangelio,neg_target,Mc,Marcos(anon),0.15
evangelio,neg_target,Lc,Lucas(anon),0.1375
evangelio,neg_target,Jn,Juan(anon),0.275
historia,pos_pairs,Hch,Lucas(anon),0.2875
historia,neg_target,Hch,Lucas(anon),0.225
homilia,neg_target,Heb,anon,0.4375
homilia,neg_target,2Clem,Ps-Clemente,0.2875
homilia,neg_target,Bern,Ps-Bernabé,0.275
mandato,pos_pairs,IgnPol,Ignacio,0.825
mandato,neg_target,IgnPol,Ignacio,0.4875
manual,neg_target,Did,anon,0.225
parenetica,neg_target,Sant,Santiago(?),0.45
recomendacion,neg_target,3Jn,Juan(presb.),0.7875000000000001
testamentaria,neg_target,2Pe,Pedro(?),0.3375
