id,kind,d_mean,percentile,d_min,d_max,n_core_refs,env_n_pairs,env_min,env_q1,env_median,env_q3,env_max
Rom,core,0.6467020927189616,0.8636363636363636,0.6241244602451477,0.6796577795694886,6,22,0.5476443068211926,0.5919030493664597,0.6158950364263891,0.6402285284611507,0.651795166950744
1Cor,core,0.646965581170977,0.8636363636363636,0.6180351246219477,0.6745233133435752,6,22,0.5476443068211926,0.5919030493664597,0.6158950364263891,0.6402285284611507,0.651795166950744
2Cor,core,0.6177584421071535,0.5,0.6009355214313158,0.641619648693441,6,22,0.5476443068211926,0.5919030493664597,0.6158950364263891,0.6402285284611507,0.651795166950744
Gal,core,0.6394259993476396,0.7272727272727273,0.6235681788296519,0.6522883839598774,6,22,0.5476443068211926,0.5919030493664597,0.6158950364263891,0.6402285284611507,0.651795166950744
Flp,core,0.6169762908883963,0.5,0.5729849118419118,0.6557634164887942,6,22,0.5476443068211926,0.5919030493664597,0.6158950364263891,0.6402285284611507,0.651795166950744
1Tes,core,0.6374267566262172,0.6818181818181818,0.5972941042990911,0.6763055400385921,6,22,0.5476443068211926,0.5919030493664597,0.6158950364263891,0.6402285284611507,0.651795166950744
Flm,core,0.6322456322934827,0.6818181818181818,0.5655446131983244,0.6884192638653409,6,22,0.5476443068211926,0.5919030493664597,0.6158950364263891,0.6402285284611507,0.651795166950744
Ef,target,0.6317430834459374,0.6363636363636364,0.5981550668141479,0.6830024620407462,7,22,0.5476443068211926,0.5919030493664597,0.6158950364263891,0.6402285284611507,0.651795166950744
Col,target,0.6471328014586746,0.8636363636363636,0.5919675273944012,0.6757721742115087,7,22,0.5476443068211926,0.5919030493664597,0.6158950364263891,0.6402285284611507,0.651795166950744
2Tes,target,0.6169452834304435,0.5,0.574684866544377,0.6469224123830284,6,22,0.5476443068211926,0.5919030493664597,0.6158950364263891,0.6402285284611507,0.651795166950744
1Tim,target,0.6437204287434879,0.8181818181818182,0.6163963364284014,0.6768375440635425,7,22,0.5476443068211926,0.5919030493664597,0.6158950364263891,0.6402285284611507,0.651795166950744
2Tim,target,0.6244357512809183,0.5909090909090909,0.5881595354058409,0.6757353627385912,7,22,0.5476443068211926,0.5919030493664597,0.6158950364263891,0.6402285284611507,0.651795166950744
Tit,target,0.676383834264143,1.0,0.6338194860803206,0.7039652144711054,7,22,0.5476443068211926,0.5919030493664597,0.6158950364263891,0.6402285284611507,0.651795166950744
