id,start,end,ref_start,ref_end,score
Rom,0,400,1:1,1:25,0.4
Rom,200,600,1:13,2:3,0.4
Rom,400,800,1:25,2:16,0.5
Rom,600,1000,2:3,3:1,0.35
Rom,800,1200,2:16,3:15,0.65
Rom,1000,1400,3:1,3:30,0.75
Rom,1200,1600,3:15,4:12,0.5
Rom,1400,1800,3:30,4:24,0.4
Rom,1600,2000,4:12,5:11,0.8
Rom,1800,2200,4:24,5:19,0.6
Rom,2000,2400,5:11,6:11,0.5
Rom,2200,2600,5:19,6:23,0.7
Rom,2400,2800,6:11,7:8,0.75
Rom,2600,3000,6:23,7:21,0.75
Rom,2800,3200,7:8,8:7,0.7
Rom,3000,3400,7:21,8:19,0.6
Rom,3200,3600,8:7,8:31,0.7
Rom,3400,3800,8:19,9:4,0.55
Rom,3600,4000,8:31,9:17,0.5
Rom,3800,4200,9:4,9:29,0.4
Rom,4000,4400,9:17,10:9,0.45
Rom,4200,4600,9:29,10:21,0.7
Rom,4400,4800,10:9,11:12,0.3
Rom,4600,5000,11:1,11:24,0.1
Rom,4800,5200,11:12,12:1,0.25
Rom,5000,5400,11:24,12:16,0.75
Rom,5200,5600,12:1,13:6,0.85
Rom,5400,5800,12:16,14:4,0.45
Rom,5600,6000,13:6,14:15,0.25
Rom,5800,6200,14:4,15:5,0.6
Rom,6000,6400,14:15,15:16,0.3
Rom,6200,6600,15:5,15:29,0.75
Rom,6400,6800,15:16,16:9,0.65
Rom,6600,7000,15:29,16:21,0.45
1Cor,0,400,1:1,1:25,0.6
1Cor,200,600,1:12,2:7,0.7
1Cor,400,800,1:25,3:2,0.8
1Cor,600,1000,2:7,3:15,0.65
1Cor,800,1200,3:2,4:5,0.4
1Cor,1000,1400,3:15,4:17,0.4
1Cor,1200,1600,4:5,5:8,0.5
1Cor,1400,1800,4:17,6:8,0.3
1Cor,1600,2000,5:8,6:19,0.55
1Cor,1800,2200,6:8,7:12,0.25
1Cor,2000,2400,6:19,7:24,0.3
1Cor,2200,2600,7:12,7:35,0.25
1Cor,2400,2800,7:24,8:6,0.0
1Cor,2600,3000,7:35,9:5,0.35
1Cor,2800,3200,8:6,9:16,0.4
1Cor,3000,3400,9:5,10:1,0.35
1Cor,3200,3600,9:16,10:16,0.3
1Cor,3400,3800,10:1,10:30,0.35
1Cor,3600,4000,10:16,11:11,0.45
1Cor,3800,4200,10:30,11:23,0.55
1Cor,4000,4400,11:11,12:2,0.25
1Cor,4200,4600,11:23,12:15,0.5
1Cor,4400,4800,12:2,12:28,0.65
1Cor,4600,5000,12:15,13:11,0.35
1Cor,4800,5200,12:28,14:10,0.5
1Cor,5000,5400,13:11,14:23,0.5
1Cor,5200,5600,14:10,14:36,0.4
1Cor,5400,5800,14:23,15:11,0.35
1Cor,5600,6000,14:36,15:26,0.5
1Cor,5800,6200,15:11,15:39,0.55
1Cor,6000,6400,15:26,15:53,0.35
1Cor,6200,6600,15:39,16:8,0.35
1Cor,6400,6800,15:53,16:23,0.55
2Cor,0,400,1:1,1:19,0.7
2Cor,200,600,1:10,2:7,0.45
2Cor,400,800,1:19,3:2,0.4
2Cor,600,1000,2:7,3:14,0.55
2Cor,800,1200,3:2,4:7,0.65
2Cor,1000,1400,3:14,5:1,0.45
2Cor,1200,1600,4:7,5:14,0.9
2Cor,1400,1800,5:1,6:6,0.65
2Cor,1600,2000,5:14,7:1,0.3
2Cor,1800,2200,6:6,7:11,0.5
2Cor,2000,2400,7:1,8:6,0.45
2Cor,2200,2600,7:11,8:17,0.5
2Cor,2400,2800,8:6,9:4,0.6
2Cor,2600,3000,8:17,9:14,0.45
2Cor,2800,3200,9:4,10:11,0.4
2Cor,3000,3400,9:14,11:4,0.35
2Cor,3200,3600,10:11,11:17,0.55
2Cor,3400,3800,11:4,11:32,0.35
2Cor,3600,4000,11:17,12:10,0.35
2Cor,3800,4200,11:32,12:20,0.5
2Cor,4000,4400,12:10,13:9,0.85
Gal,0,400,1:1,2:2,0.3
Gal,200,600,1:13,2:14,0.35
Gal,400,800,2:2,3:5,0.75
Gal,600,1000,2:14,3:16,0.8
Gal,800,1200,3:5,3:29,0.7
Gal,1000,1400,3:17,4:15,0.85
Gal,1200,1600,3:29,4:29,0.6
Gal,1400,1800,4:15,5:13,0.7
Gal,1600,2000,4:29,6:3,0.55
Gal,1800,2200,5:13,6:17,0.6
Flp,0,400,1:1,1:25,0.95
Flp,200,600,1:13,2:8,0.7
Flp,400,800,1:25,2:22,0.3
Flp,600,1000,2:8,3:5,0.6
Flp,800,1200,2:22,3:18,0.7
Flp,1000,1400,3:5,4:8,0.5
Flp,1200,1600,3:18,4:21,0.45
1Tes,0,400,1:1,2:11,0.4
1Tes,200,600,1:10,2:20,0.05
1Tes,400,800,2:12,3:11,0.35
1Tes,600,1000,3:1,4:10,0.45
1Tes,800,1200,3:11,5:3,0.25
1Tes,1000,1400,4:10,5:21,0.7
Flm,0,334,1:1,1:25,0.7
Ef,0,400,1:1,1:23,0.35
Ef,200,600,1:13,2:12,0.6
Ef,400,800,1:23,3:3,0.4
Ef,600,1000,2:12,3:16,0.4
Ef,800,1200,3:4,4:10,0.65
Ef,1000,1400,3:16,4:21,0.65
Ef,1200,1600,4:10,5:3,0.45
Ef,1400,1800,4:21,5:19,0.65
Ef,1600,2000,5:3,5:32,0.35
Ef,1800,2200,5:19,6:12,0.25
Ef,2000,2400,5:32,6:23,0.65
Col,0,400,1:1,1:23,0.4
Col,200,600,1:12,2:4,0.25
Col,400,800,1:23,2:16,0.5
Col,600,1000,2:4,3:6,0.5
Col,800,1200,2:16,3:18,0.3
Col,1000,1400,3:6,4:8,0.6
2Tes,0,400,1:1,2:9,0.3
2Tes,200,600,1:11,3:4,0.3
2Tes,400,800,2:9,3:17,0.5
1Tim,0,400,1:1,2:8,0.8
1Tim,200,600,1:15,3:10,0.45
1Tim,400,800,2:8,4:8,0.55
1Tim,600,1000,3:10,5:7,0.65
1Tim,800,1200,4:8,5:22,0.3
1Tim,1000,1400,5:8,6:10,0.25
2Tim,0,400,1:1,2:8,0.7
2Tim,200,600,1:11,2:21,0.5
2Tim,400,800,2:8,3:10,0.3
2Tim,600,1000,2:21,4:6,0.75
2Tim,800,1200,3:10,4:20,0.45
Tit,0,400,1:1,2:13,0.3
Tit,200,600,1:13,3:12,0.4
