carta,tokens,kind,gi_mediana,gi_q1,gi_q3,log10lr_mediana,log10lr_cristiana,escala_verbal_cristiana,d_minmax,pct_minmax,pct_delta
Rom,7055,core,0.7,0.66875,0.7124999999999999,0.23474557867637627,0.23474557867637627,no discriminante,0.6467020927189616,0.8636363636363636,0.9545454545454546
1Cor,6812,core,0.625,0.6125,0.6375,0.14894620425584598,0.14894620425584598,no discriminante,0.646965581170977,0.8636363636363636,0.9545454545454546
2Cor,4473,core,0.725,0.71875,0.73125,0.2686181239688175,0.2686181239688175,no discriminante,0.6177584421071535,0.5,0.6818181818181818
Gal,2226,core,0.775,0.7375,0.8125,0.3610557296832006,0.3610557296832006,apoyo débil a H_mismo-autor,0.6394259993476396,0.7272727272727273,0.9545454545454546
Flp,1626,core,0.7250000000000001,0.675,0.8,0.32623312160745477,0.32623312160745477,apoyo débil a H_mismo-autor,0.6169762908883963,0.5,0.7272727272727273
1Tes,1473,core,0.675,0.64375,0.73125,0.22492473359782206,0.22492473359782206,no discriminante,0.6374267566262172,0.6818181818181818,0.7272727272727273
Flm,334,core,0.8500000000000001,0.76875,0.9125,0.41043356233170014,0.41043356233170014,apoyo débil a H_mismo-autor,0.6322456322934827,0.6818181818181818,0.5909090909090909
Ef,2416,target,0.8125,0.74375,0.85,0.3173392705810546,0.3173392705810546,apoyo débil a H_mismo-autor,0.6317430834459374,0.6363636363636364,0.7727272727272727
Col,1580,target,0.65,0.63125,0.6875,0.17213627223197125,0.17213627223197125,no discriminante,0.6471328014586746,0.8636363636363636,0.6363636363636364
2Tes,820,target,0.55,0.525,0.58125,0.07857511028983388,0.07857511028983388,no discriminante,0.6169452834304435,0.5,0.5909090909090909
1Tim,1591,target,0.4375,0.2625,0.60625,-0.12190635724899904,-0.12190635724899904,no discriminante,0.6437204287434879,0.8181818181818182,0.9545454545454546
2Tim,1235,target,0.375,0.19375,0.5875,-0.18909153728600991,-0.18909153728600991,no discriminante,0.6244357512809183,0.5909090909090909,0.9090909090909091
Tit,659,target,0.225,0.0625,0.41875,-0.3296669691588107,-0.3296669691588107,apoyo débil a H_otro-autor,0.676383834264143,1.0,0.9545454545454546
